bc/samples_so_far,bc/l2_norm,bc/neglogp,bc/batch,bc/entropy,bc/ent_loss,bc/prob_true_act,bc/l2_loss,bc/loss,bc/epoch,batch_size
20480,441.4141845703125,2.1941858808411188,9,2.8202972412109375,-0.0028202973771840334,0.12142493279515122,0.0,2.1913655834639347,1,2048
40960,462.6282043457031,2.0234539661417186,19,2.7991726398468018,-0.0027991728857159615,0.13689469230640675,0.0,2.0206547932560026,2,2048
61440,480.1321105957031,1.9003626073228757,29,2.7769904136657715,-0.00277699064463377,0.1511832115126962,0.0,1.8975856166782419,3,2048
81920,493.89788818359375,1.8565820245777283,39,2.7543158531188965,-0.0027543159667402506,0.15738783145205587,0.0,1.853827708610988,4,2048
102400,508.6938781738281,1.8234605053822885,49,2.7316794395446777,-0.0027316794730722904,0.16243943523912238,0.0,1.8207288259092163,5,2048
122880,522.19140625,1.7979140554262758,59,2.70926570892334,-0.002709265798330307,0.16677156796729542,0.0,1.7952047896279455,6,2048
143360,535.878173828125,1.777366829319575,69,2.6870996952056885,-0.0026870998553931713,0.17047377706398387,0.0,1.7746797294641818,7,2048
163840,549.0615844726562,1.748629174823047,79,2.6651883125305176,-0.0026651883963495493,0.17515867695369464,0.0,1.7459639864266974,8,2048
184320,561.068603515625,1.722591739666141,89,2.643481731414795,-0.0026434818282723427,0.17979814059359378,0.0,1.7199482578378686,9,2048
204800,573.2967529296875,1.6984560631364434,99,2.621962070465088,-0.00262196222320199,0.18408395462330965,0.0,1.6958341009132414,10,2048
225280,587.14208984375,1.6745428952167372,109,2.600590705871582,-0.002600590931251645,0.18850373861998487,0.0,1.6719423042854855,11,2048
245760,601.9345092773438,1.661532661815084,119,2.5793542861938477,-0.0025793544482439756,0.1913029865678859,0.0,1.65895330736684,12,2048
266240,614.7461547851562,1.6516072105785882,129,2.558335304260254,-0.002558335429057479,0.19296837334422934,0.0,1.6490488751495307,13,2048
286720,627.4073486328125,1.6215186705856222,139,2.537491798400879,-0.002537491964176297,0.19889522374620017,0.0,1.6189811786214459,14,2048
307200,637.7494506835938,1.6076018233342744,149,2.5166678428649902,-0.0025166680570691824,0.20216379016184732,0.0,1.6050851552772052,15,2048
327680,648.5161743164062,1.5772691601802067,159,2.495884895324707,-0.0024958851281553507,0.20779884586430786,0.0,1.5747732750520513,16,2048
348160,660.8820190429688,1.5595814209728132,169,2.4751598834991455,-0.002475159941241145,0.21197375167159882,0.0,1.557106261031572,17,2048
368640,673.3926391601562,1.5463559334880523,179,2.454475164413452,-0.0024544752668589354,0.21513665335087476,0.0,1.5439014582211934,18,2048
389120,686.092529296875,1.520744955134326,189,2.433846950531006,-0.0024338471703231335,0.2205334269895366,0.0,1.5183111079640028,19,2048
409600,699.3840942382812,1.499578835141893,199,2.4132637977600098,-0.0024132640101015568,0.2251647585749561,0.0,1.4971655711317915,20,2048
430080,713.867919921875,1.4847401240812723,209,2.392706871032715,-0.0023927069269120693,0.22850311380491434,0.0,1.4823474171543602,21,2048
450560,729.5035400390625,1.4616547097123176,219,2.3722033500671387,-0.0023722033947706223,0.23426348023995505,0.0,1.459282506317547,22,2048
471040,745.869140625,1.4416591801109961,229,2.35172700881958,-0.0023517271038144827,0.23856854113856735,0.0,1.4393074530071817,23,2048
491520,762.8074340820312,1.4204570592115875,239,2.331294298171997,-0.0023312943521887064,0.2437161887215565,0.0,1.4181257648593988,24,2048
512000,780.4083862304688,1.407637491238877,249,2.3109018802642822,-0.0023109018802642822,0.247371504400393,0.0,1.4053265893586127,25,2048
532480,798.6868286132812,1.3957585698277797,259,2.290618896484375,-0.002290619071573019,0.2507305655320135,0.0,1.3934679507562067,26,2048
552960,816.0459594726562,1.3655364415857263,269,2.2704691886901855,-0.002270469209179282,0.25760897427872936,0.0,1.363265972376547,27,2048
573440,830.9624633789062,1.3454347973647256,279,2.2503132820129395,-0.0022503132931888103,0.2632039236777425,0.0,1.3431844840715368,28,2048
593920,846.5750732421875,1.3260535168807104,289,2.2301061153411865,-0.0022301061544567347,0.26866057572413027,0.0,1.3238234107262536,29,2048
614400,862.7365112304688,1.3032958138049668,299,2.2099037170410156,-0.0022099039051681757,0.27464153607985137,0.0,1.3010859098997987,30,2048
634880,881.0001831054688,1.2903280665080155,309,2.1896920204162598,-0.002189692109823227,0.27890025933552887,0.0,1.2881383743981922,31,2048
655360,900.7576904296875,1.2652063443304136,319,2.169527530670166,-0.00216952757909894,0.28505759681815623,0.0,1.2630368167513146,32,2048
675840,920.322021484375,1.257199075265453,329,2.149390697479248,-0.0021493907552212477,0.28873019900391705,0.0,1.2550496845102317,33,2048
696320,939.8951416015625,1.2330778762041115,339,2.129279136657715,-0.0021292793098837137,0.295697737711874,0.0,1.2309485968942278,34,2048
716800,959.6682739257812,1.2197673522747163,349,2.1091690063476562,-0.002109169028699398,0.2994001426760563,0.0,1.217658183246017,35,2048
737280,980.8056640625,1.18534304970429,359,2.08906888961792,-0.002089068992063403,0.3089852116785464,0.0,1.1832539807122266,36,2048
757760,1002.7888793945312,1.1758656334422959,369,2.0689656734466553,-0.002068965695798397,0.3129018495912571,0.0,1.1737966677464975,37,2048
778240,1026.021240234375,1.1514455806736987,379,2.0489001274108887,-0.002048900118097663,0.3208373834330799,0.0,1.149396680555601,38,2048
798720,1048.848876953125,1.1351964489184272,389,2.028866767883301,-0.0020288669038563967,0.3254591951354851,0.0,1.1331675820145708,39,2048
819200,1072.41796875,1.1091796710340471,399,2.0088348388671875,-0.0020088348537683487,0.3344952335178708,0.0,1.1071708361802788,40,2048
839680,1094.75048828125,1.096083792372748,409,1.9887869358062744,-0.0019887869711965322,0.3390232631691164,0.0,1.0940950054015515,41,2048
860160,1117.521728515625,1.074052915324424,419,1.9688544273376465,-0.001968854572623968,0.34553127585159416,0.0,1.0720840607518,42,2048
880640,1139.91455078125,1.0529854242440901,429,1.948913812637329,-0.0019489139085635543,0.35423401576544733,0.0,1.0510365103355266,43,2048
901120,1162.6292724609375,1.0300733129334374,439,1.9289357662200928,-0.001928935875184834,0.36188232022115907,0.0,1.0281443770582526,44,2048
921600,1184.9864501953125,1.0149181270956062,449,1.9089069366455078,-0.0019089070847257972,0.3676200804027885,0.0,1.0130092200108805,45,2048
942080,1206.7176513671875,0.9993223675000874,459,1.8889079093933105,-0.0018889079801738262,0.3744287270017375,0.0,0.9974334595199136,46,2048
962560,1229.4698486328125,0.9673773696488313,469,1.868973970413208,-0.0018689740682020783,0.3850861223838459,0.0,0.9655083955806292,47,2048
983040,1251.073486328125,0.9624449205374777,479,1.8490207195281982,-0.0018490208312869072,0.3879273519515368,0.0,0.9605958997061907,48,2048
1003520,1273.565673828125,0.9429123360573899,489,1.82911217212677,-0.0018291122978553176,0.39668904998442356,0.0,0.9410832237595346,49,2048
1024000,1296.185791015625,0.9118908414005757,499,1.8092432022094727,-0.0018092433456331491,0.40789969401547643,0.0,0.9100815980549426,50,2048
1044480,1319.289794921875,0.9000777531102164,509,1.7892988920211792,-0.0017892989562824368,0.41346638637181143,0.0,0.898288454153934,51,2048
1064960,1342.440673828125,0.8743471341762599,519,1.7693302631378174,-0.0017693303525447845,0.42281643435431876,0.0,0.8725778038237151,52,2048
1085440,1366.2337646484375,0.8571722721805128,529,1.7493821382522583,-0.0017493822379037738,0.4320278787841647,0.0,0.8554228899426091,53,2048
1105920,1390.0474853515625,0.8414003211767271,539,1.7294503450393677,-0.0017294504214078188,0.4393873305182729,0.0,0.8396708707553193,54,2048
1126400,1413.1304931640625,0.8270996396881413,549,1.7095136642456055,-0.001709513715468347,0.4428923574317778,0.0,0.8253901259726729,55,2048
1146880,1438.1124267578125,0.8020193929527295,559,1.6896026134490967,-0.001689602737314999,0.45562932475768947,0.0,0.8003297902154145,56,2048
1167360,1464.0972900390625,0.7793496288749288,569,1.6697301864624023,-0.0016697302926331758,0.46458626459830554,0.0,0.7776798985822956,57,2048
1187840,1488.4254150390625,0.7547037481002092,579,1.6498348712921143,-0.0016498349141329527,0.47872582630272376,0.0,0.7530539131860763,58,2048
1208320,1511.6602783203125,0.747075149675704,589,1.6298764944076538,-0.0016298765549436212,0.48188668224838993,0.0,0.7454452731207604,59,2048
1228800,1534.6771240234375,0.7175139673251013,599,1.6099319458007812,-0.001609932049177587,0.4955035177816528,0.0,0.7159040352759237,60,2048
1249280,1557.740234375,0.6995916999620642,609,1.5899903774261475,-0.0015899904537945986,0.5067558860702488,0.0,0.6980017095082696,61,2048
1269760,1581.1019287109375,0.6941180626375936,619,1.5701301097869873,-0.0015701302327215672,0.5089456306463485,0.0,0.692547932404872,62,2048
1290240,1604.4627685546875,0.6509942148856873,629,1.5502479076385498,-0.0015502480091527104,0.5301486190653629,0.0,0.6494439668765346,63,2048
1310720,1628.676025390625,0.6503257816597845,639,1.5302616357803345,-0.0015302617102861404,0.5327873020070089,0.0,0.6487955199494984,64,2048
1331200,1653.255859375,0.6451648980694433,649,1.5103464126586914,-0.0015103465411812067,0.5325682835169945,0.0,0.6436545515282621,65,2048
1351680,1676.70068359375,0.5963372464479717,659,1.4904882907867432,-0.0014904884155839682,0.561184526356634,0.0,0.5948467580323877,66,2048
1372160,1699.747802734375,0.5705354663375086,669,1.4705381393432617,-0.0014705382054671645,0.5731137659349078,0.0,0.5690649281320415,67,2048
1392640,1723.823974609375,0.5581284203573231,679,1.4505186080932617,-0.0014505187282338738,0.582065613840252,0.0,0.5566779016290893,68,2048
1413120,1748.104248046875,0.5297526471375443,689,1.4304866790771484,-0.0014304867945611477,0.5980828394756679,0.0,0.5283221603429832,69,2048
1433600,1772.395263671875,0.5228624123074299,699,1.4104156494140625,-0.0014104157453402877,0.6047174057033571,0.0,0.5214519965620896,70,2048
1454080,1797.28076171875,0.5013530912925911,709,1.3903604745864868,-0.0013903605286031961,0.6167372469825962,0.0,0.4999627307639879,71,2048
1474560,1822.8746337890625,0.47601024028888833,719,1.3703641891479492,-0.001370364218018949,0.6321735076725828,0.0,0.4746398760708694,72,2048
1495040,1848.6353759765625,0.4644973529500078,729,1.3503522872924805,-0.0013503523077815771,0.6422805385586479,0.0,0.46314700064222625,73,2048
1515520,1873.9862060546875,0.43002811772050537,739,1.330320119857788,-0.0013303201412782073,0.6608445778953762,0.0,0.42869779757922716,74,2048
1536000,1898.838623046875,0.42269374346046845,749,1.310246229171753,-0.0013102462980896235,0.6667177513504138,0.0,0.42138349716237883,75,2048
1556480,1924.818603515625,0.3887110215262878,759,1.2902863025665283,-0.0012902863090857863,0.6875411438787031,0.0,0.387420735217202,76,2048
1576960,1950.2701416015625,0.3685095904739315,769,1.2702499628067017,-0.0012702500680461526,0.7025139212018341,0.0,0.36723934040588535,77,2048
1597440,1974.1976318359375,0.34294637501270653,779,1.250107765197754,-0.0012501077726483345,0.7202746379653358,0.0,0.3416962672400582,78,2048
1617920,1997.655517578125,0.3750181182873168,789,1.2298858165740967,-0.0012298858491703868,0.6970221025928506,0.0,0.3737882324381464,79,2048
1638400,2023.2593994140625,0.30474770792473316,799,1.210003137588501,-0.0012100031599402428,0.7488224638211436,0.0,0.3035377047647929,80,2048
1658880,2047.1162109375,0.28178658811621166,809,1.190018892288208,-0.0011900189565494657,0.7660171421522415,0.0,0.2805965691596622,81,2048
1679360,2071.15087890625,0.28127315652485596,819,1.169924020767212,-0.0011699240421876311,0.7672388779785293,0.0,0.28010323248266833,82,2048
1699840,2094.5634765625,0.2444611239071541,829,1.1497944593429565,-0.001149794552475214,0.7942748596778337,0.0,0.2433113293546789,83,2048
1720320,2117.08349609375,0.22499554015355722,839,1.1295983791351318,-0.0011295984731987119,0.8110278806067882,0.0,0.2238659416803585,84,2048
1740800,2138.608642578125,0.20393043263519828,849,1.109337329864502,-0.0011093374341726303,0.8253396846611823,0.0,0.20282109520102565,85,2048
1761280,2159.446044921875,0.2016237717069982,859,1.089054822921753,-0.0010890548583120108,0.8287068388214835,0.0,0.20053471684868618,86,2048
1781760,2180.614013671875,0.18817799044743536,869,1.0688848495483398,-0.0010688848560675979,0.8408552240787296,0.0,0.18710910559136776,87,2048
1802240,2203.51904296875,0.12408586707492104,879,1.0487511157989502,-0.001048751175403595,0.8916186758657114,0.0,0.12303711589951745,88,2048
1822720,2223.658447265625,0.11433671989536141,889,1.0284359455108643,-0.0010284360032528639,0.9041016307788228,0.0,0.11330828389210855,89,2048
1843200,2242.387451171875,0.0902443776599277,899,1.008049726486206,-0.0010080498177558184,0.9249345673987462,0.0,0.08923632784217188,90,2048
1863680,2261.45703125,0.10148130141213527,909,0.9877451658248901,-0.0009877452393993735,0.9175403583647854,0.0,0.10049355617273589,91,2048
1884160,2283.585693359375,0.07159509742547812,919,0.9679274559020996,-0.0009679275099188089,0.9435123405126358,0.0,0.07062716991555931,92,2048
1904640,2304.091064453125,0.03945664080284436,929,0.9479657411575317,-0.0009479657746851444,0.9748036756773828,0.0,0.03850867502815922,93,2048
1925120,2323.470458984375,0.01650618401628689,939,0.9278138279914856,-0.0009278138750232756,0.997023313495748,0.0,0.015578370141263613,94,2048
1945600,2340.579833984375,0.007987445633163412,949,0.9075319766998291,-0.000907531997654587,1.008780657431101,0.0,0.0070799136355088246,95,2048
1966080,2357.70556640625,-0.03138775921577926,959,0.8871876001358032,-0.0008871876634657383,1.044712875281553,0.0,-0.032274946879244995,96,2048
1986560,2373.2978515625,-0.04263054202432194,969,0.8666961193084717,-0.0008666961803101003,1.0563692489464775,0.0,-0.04349723820463204,97,2048
2007040,2388.295166015625,-0.07769440482578042,979,0.8462486267089844,-0.000846248643938452,1.0916342519081446,0.0,-0.07854065346971888,98,2048
2027520,2403.932861328125,-0.10254055386286429,989,0.8257354497909546,-0.0008257355075329542,1.117793708807749,0.0,-0.10336628937039724,99,2048
2048000,2418.87255859375,-0.06542100062166673,999,0.8051413297653198,-0.0008051413460634649,1.0869977539894924,0.0,-0.06622614196773019,100,2048
2068480,2436.138916015625,-0.10638999453067036,1009,0.7849487066268921,-0.0007849487592466176,1.1287965678440632,0.0,-0.10717494328991697,101,2048
2088960,2454.1865234375,-0.16238099070174167,1019,0.7647901773452759,-0.0007647902239114046,1.1872346281769304,0.0,-0.16314578092565307,102,2048
2109440,2470.69482421875,-0.17759175918503844,1029,0.7444742918014526,-0.0007444743532687426,1.2057849686707698,0.0,-0.1783362335383072,103,2048
2129920,2486.36328125,-0.19295228467911396,1039,0.7240567207336426,-0.0007240567356348038,1.225765296556747,0.0,-0.19367634141474876,104,2048
2150400,2500.966064453125,-0.13831629496015901,1049,0.7035590410232544,-0.000703559082467109,1.1659483122237306,0.0,-0.13901985404262612,105,2048
2170880,2518.2236328125,-0.23078482252794144,1059,0.6833505630493164,-0.0006833506049588323,1.272439099453969,0.0,-0.23146817313290027,106,2048
2191360,2534.22412109375,-0.26052761758255827,1069,0.6629822254180908,-0.0006629822310060263,1.3099798936555835,0.0,-0.2611905998135643,107,2048
2211840,2548.094970703125,-0.29201636779905205,1079,0.642472505569458,-0.0006424725288525224,1.3478482855135598,0.0,-0.29265884032790457,108,2048
2232320,2562.752197265625,-0.30948976840982295,1089,0.6219149827957153,-0.0006219150382094085,1.3753465561150626,0.0,-0.31011168344803236,109,2048
2252800,2576.868408203125,-0.2735598742014525,1099,0.6013857126235962,-0.0006013857200741768,1.3371625320197185,0.0,-0.2741612599215267,110,2048
2273280,2592.21142578125,-0.31906992125598765,1109,0.5811687707901001,-0.0005811688024550676,1.3916194161380124,0.0,-0.3196510900584427,111,2048
2293760,2608.078369140625,-0.3614006998571708,1119,0.5608965158462524,-0.0005608965293504298,1.4475788138542673,0.0,-0.36196159638652126,112,2048
2314240,2622.358642578125,-0.35447862161070653,1129,0.5404319763183594,-0.0005404319963417947,1.4422078107837952,0.0,-0.35501905360704833,113,2048
2334720,2636.684814453125,-0.40985041273571954,1139,0.5200679302215576,-0.0005200679297558963,1.522820149154494,0.0,-0.41037048066547543,114,2048
2355200,2651.286865234375,-0.4253827281301757,1149,0.49966132640838623,-0.0004996613715775311,1.5414147891090926,0.0,-0.4258823895017532,115,2048
2375680,2663.970703125,-0.4512132496761909,1159,0.47910749912261963,-0.00047910751891322434,1.5844152042594304,0.0,-0.45169235719510414,116,2048
2396160,2675.7548828125,-0.4776607676663015,1169,0.4584578275680542,-0.000458457856439054,1.6260711090735644,0.0,-0.47811922552274055,117,2048
2416640,2687.394287109375,-0.503537803264081,1179,0.4378451108932495,-0.0004378451267257333,1.6652195836612358,0.0,-0.5039756483908068,118,2048
2437120,2699.77294921875,-0.5137520693694846,1189,0.41725337505340576,-0.00041725338087417185,1.687845137160888,0.0,-0.5141693227503588,119,2048
2457600,2713.59765625,-0.5408956740828441,1199,0.3967403173446655,-0.00039674033178016543,1.7256406339917691,0.0,-0.5412924144146243,120,2048
2478080,2726.37646484375,-0.5733024289101041,1209,0.3761301040649414,-0.00037613013410009444,1.7827395798806331,0.0,-0.5736785590442042,121,2048
2498560,2737.74072265625,-0.4981120673615173,1219,0.3554006814956665,-0.0003554006980266422,1.663900642620407,0.0,-0.49846746805954395,122,2048
2519040,2752.52880859375,-0.5592397809765706,1229,0.3351937532424927,-0.0003351937630213797,1.7680854516429576,0.0,-0.559574974739592,123,2048
2539520,2769.250732421875,-0.6119342309847304,1239,0.3149991035461426,-0.00031499910983256996,1.855927799955384,0.0,-0.612249230094563,124,2048
2560000,2790.108642578125,-0.6386854533550692,1249,0.29447877407073975,-0.00029447878478094935,1.907903226166559,0.0,-0.6389799321398502,125,2048
2580480,2806.3837890625,-0.6699814432728983,1259,0.27382445335388184,-0.00027382446569390595,1.9641098964738872,0.0,-0.6702552677385922,126,2048
2600960,2819.08056640625,-0.6368107666574896,1269,0.25311243534088135,-0.00025311243371106684,1.905113870375596,0.0,-0.6370638790912007,127,2048
2621440,2832.655517578125,-0.6829462138124378,1279,0.232765793800354,-0.00023276580031961203,1.9984541243403695,0.0,-0.6831789796127574,128,2048
2641920,2847.418701171875,-0.720329002011454,1289,0.21269798278808594,-0.00021269799617584795,2.0702745863365433,0.0,-0.7205417000076298,129,2048
2662400,2860.221435546875,-0.7430206103553829,1299,0.19238758087158203,-0.00019238759705331177,2.113368010879854,0.0,-0.7432129979524362,130,2048
2682880,2871.689453125,-0.7358660496738657,1309,0.171913743019104,-0.00017191375081893057,2.0986530976578828,0.0,-0.7360379634246846,131,2048
2703360,2886.09375,-0.7709627657772495,1319,0.15173351764678955,-0.00015173351857811213,2.1763833711862848,0.0,-0.7711144992958276,132,2048
2723840,2899.225341796875,-0.8020014493304402,1329,0.13144516944885254,-0.00013144518015906215,2.241131185201407,0.0,-0.8021328945105992,133,2048
2744320,2909.808349609375,-0.8228916121029598,1339,0.11093652248382568,-0.0001109365257434547,2.2966237754157355,0.0,-0.8230025486287033,134,2048
2764800,2919.619384765625,-0.8590229707319676,1349,0.09026491641998291,-9.026491898111999e-05,2.3755120603347244,0.0,-0.8591132356509488,135,2048
2785280,2928.251708984375,-0.8317709568475006,1359,0.06944823265075684,-6.944823689991608e-05,2.3287823150173486,0.0,-0.8318404050844005,136,2048
2805760,2940.10791015625,-0.8911375892395135,1369,0.04911041259765625,-4.911041469313204e-05,2.446961797899313,0.0,-0.8911866996542066,137,2048
2826240,2951.51708984375,-0.8830193481361908,1379,0.02878248691558838,-2.8782487788703293e-05,2.43510411108659,0.0,-0.8830481306239795,138,2048
2846720,2962.39892578125,-0.9093689827441198,1389,0.008348941802978516,-8.348942174052354e-06,2.500072207624152,0.0,-0.9093773316862939,139,2048
2867200,2972.39013671875,-0.9604865547073222,1399,-0.012190580368041992,1.2190581401227973e-05,2.6322120406713876,0.0,-0.960474364125921,140,2048
2887680,2981.529052734375,-0.9480101097834392,1409,-0.03294110298156738,3.2941105018835515e-05,2.598380590936067,0.0,-0.9479771686784204,141,2048
2908160,2990.791748046875,-0.962517386877553,1419,-0.05344390869140625,5.3443909564521164e-05,2.6343140404739875,0.0,-0.9624639429679884,142,2048
2928640,3000.944091796875,-1.0195676971404397,1429,-0.07389366626739502,7.389367237919942e-05,2.7907308330309903,0.0,-1.0194938034680605,143,2048
2949120,3009.8701171875,-1.044373076163338,1439,-0.0945749282836914,9.457493433728814e-05,2.855863331640813,0.0,-1.0442785012290008,144,2048
2969600,3018.65380859375,-1.032113432506649,1449,-0.11528623104095459,0.00011528623872436583,2.823849278393292,0.0,-1.0319981462679246,145,2048
2990080,3030.627197265625,-1.0670677480867492,1459,-0.13552117347717285,0.00013552118616644293,2.9239897500428196,0.0,-1.0669322269005828,146,2048
3010560,3043.08251953125,-1.025435715204328,1469,-0.15575408935546875,0.00015575409634038806,2.8181712731395288,0.0,-1.0252799611079877,147,2048
3031040,3056.447509765625,-1.0767709196074122,1479,-0.175667405128479,0.0001756674173520878,2.9641954358673903,0.0,-1.0765952521900601,148,2048
3051520,3069.5859375,-1.1117501302911972,1489,-0.19553720951080322,0.0001955372135853395,3.069638145011943,0.0,-1.1115545930776118,149,2048
3072000,3082.4580078125,-1.1374327881211446,1499,-0.21556305885314941,0.00021556306455750018,3.161390441577507,0.0,-1.137217225056587,150,2048
3092480,3094.88720703125,-1.159067331156556,1509,-0.23579895496368408,0.00023579897242598236,3.2146443025072973,0.0,-1.15883153218413,151,2048
3112960,3107.140380859375,-1.1765985127263798,1519,-0.2560720443725586,0.000256072060437873,3.267551581389897,0.0,-1.176342440665942,152,2048
3133440,3118.35595703125,-1.181682874057788,1529,-0.27625763416290283,0.00027625763323158026,3.2898755019973844,0.0,-1.1814066164245565,153,2048
3153920,3128.813720703125,-1.248984028651153,1539,-0.2965463399887085,0.0002965463500004262,3.5038685983709668,0.0,-1.2486874823011527,154,2048
3174400,3138.7119140625,-1.2703590092490087,1549,-0.31694769859313965,0.0003169477276969701,3.57597100744974,0.0,-1.2700420615213117,155,2048
3194880,3147.168212890625,-1.2766183668827937,1559,-0.33743321895599365,0.00033743324456736445,3.615636289366793,0.0,-1.2762809336382264,156,2048
3215360,3155.2861328125,-1.3026326766405187,1569,-0.35809314250946045,0.00035809315158985555,3.709339217534516,0.0,-1.3022745834889289,157,2048
3235840,3164.3994140625,-1.289689791360813,1579,-0.37824249267578125,0.0003782425192184746,3.659199288392457,0.0,-1.2893115488415945,158,2048
3256320,3176.82080078125,-1.3198602340622798,1589,-0.3978229761123657,0.00039782299427315593,3.791341897244269,0.0,-1.3194624110680067,159,2048
3276800,3187.189697265625,-1.3554927076681633,1599,-0.4178273677825928,0.00041782739572227,3.9078624955767856,0.0,-1.355074880272441,160,2048
3297280,3195.532958984375,-1.3755792930085418,1609,-0.4382157325744629,0.0004382157640065998,3.9804786412314788,0.0,-1.3751410772445352,161,2048
3317760,3203.63427734375,-1.4132081042398101,1619,-0.4587198495864868,0.000458719878224656,4.126392563046353,0.0,-1.4127493843615855,162,2048
3338240,3213.04296875,-1.3782081909405144,1629,-0.479103684425354,0.0004791037063114345,4.009053567750892,0.0,-1.377729087234203,163,2048
3358720,3223.591796875,-1.4017226228694382,1639,-0.4991523027420044,0.0004991523455828428,4.08962251060117,0.0,-1.4012234705238553,164,2048
3379200,3234.576904296875,-1.4190390694710024,1649,-0.5189239978790283,0.0005189240328036249,4.1708879513560255,0.0,-1.4185201454381988,165,2048
3399680,3245.708740234375,-1.4558941869255575,1659,-0.5387214422225952,0.0005387214478105307,4.316386219070197,0.0,-1.455355465477747,166,2048
3420160,3255.67138671875,-1.4849301609570489,1669,-0.5587846040725708,0.0005587846389971673,4.441754603922629,0.0,-1.4843713763180517,167,2048
3440640,3263.4736328125,-1.4965621721591176,1679,-0.5790669918060303,0.0005790670402348042,4.49445892510485,0.0,-1.4959831051188828,168,2048
3461120,3271.12890625,-1.520343684144171,1689,-0.5994504690170288,0.0005994504899717867,4.605828898585193,0.0,-1.5197442336541993,169,2048
3481600,3278.75830078125,-1.5175328394487386,1699,-0.6198825836181641,0.000619882601313293,4.6155137987304045,0.0,-1.5169129568474253,170,2048
3502080,3288.565673828125,-1.532628708904266,1709,-0.6397992372512817,0.0006397992838174105,4.67734719125038,0.0,-1.5319889096204486,171,2048
3522560,3299.482177734375,-1.593258210211665,1719,-0.659557580947876,0.0006595575832761824,4.948920898630023,0.0,-1.5925986526283888,172,2048
3543040,3308.39697265625,-1.5688264670855943,1729,-0.6796760559082031,0.0006796760717406869,4.8746125634126445,0.0,-1.5681467910138536,173,2048
3563520,3318.173583984375,-1.5728439881180458,1739,-0.6995275020599365,0.0006995275616645813,4.882598751676365,0.0,-1.5721444605563812,174,2048
3584000,3328.778564453125,-1.637439536362625,1749,-0.7192000150680542,0.0007192000630311668,5.186723383597079,0.0,-1.636720336299594,175,2048
3604480,3337.443359375,-1.670950650426107,1759,-0.7392677068710327,0.0007392677362076938,5.366689360043195,0.0,-1.6702113826898992,176,2048
3624960,3345.173583984375,-1.708994380548611,1769,-0.7596654891967773,0.0007596655050292611,5.568974019415583,0.0,-1.7082347150435817,177,2048
3645440,3352.127685546875,-1.6520071373222538,1779,-0.7800185680389404,0.0007800186285749078,5.270339203675454,0.0,-1.6512271186936789,178,2048
3665920,3361.891845703125,-1.477173377564433,1789,-0.7993947267532349,0.0007993947365321219,4.638600773977301,0.0,-1.4763739828279008,179,2048
3686400,3397.46240234375,-0.4473572202717165,1799,-0.8117806911468506,0.0008117807446978986,3.2225592743757367,0.0,-0.4465454395270186,180,2048
3706880,3471.32763671875,-1.0883929654901836,1809,-0.8130265474319458,0.0008130265632644296,4.087986506199653,0.0,-1.0875799389269192,181,2048
3727360,3559.553466796875,-1.3019781072628658,1819,-0.8172600269317627,0.000817260064650327,4.331360090034963,0.0,-1.3011608471982155,182,2048
3747840,3621.947998046875,-1.5900783842954676,1829,-0.8270668983459473,0.0008270669495686889,5.159560307646046,0.0,-1.5892513173458989,183,2048
3768320,3660.16455078125,-1.6728957752185327,1839,-0.8415075540542603,0.0008415075717493892,5.467297774817792,0.0,-1.6720542676467833,184,2048
3788800,3681.154541015625,-1.736148975887317,1849,-0.8587895631790161,0.0008587896008975804,5.771831818614464,0.0,-1.7352901862864194,185,2048
3809280,3693.3193359375,-1.7807236780778903,1859,-0.8777199983596802,0.0008777200127951801,6.034621301821167,0.0,-1.7798459580650952,186,2048
3829760,3700.99853515625,-1.827826604058194,1869,-0.8975486755371094,0.0008975487435236573,6.2765676138901405,0.0,-1.8269290553146704,187,2048
3850240,3706.479248046875,-1.8558975387574423,1879,-0.9179449081420898,0.00091794494073838,6.446914303051949,0.0,-1.854979593816704,188,2048
3870720,3710.765380859375,-1.881763939659849,1889,-0.938662052154541,0.0009386620949953794,6.63527346829042,0.0,-1.8808252775648535,189,2048
3891200,3714.017578125,-1.9019805641896088,1899,-0.9594988822937012,0.000959498924203217,6.753920369386547,0.0,-1.9010210652654056,190,2048
3911680,3717.71826171875,-1.925336063161563,1909,-0.9802778959274292,0.0009802778949961066,6.902239410111074,0.0,-1.924355785266567,191,2048
3932160,3721.180908203125,-1.9525586805620145,1919,-1.0011717081069946,0.0010011717677116394,7.092108970469832,0.0,-1.951557508794303,192,2048
3952640,3724.4873046875,-1.9778746540521894,1929,-1.0222041606903076,0.0010222041746601462,7.2778327676959975,0.0,-1.9768524498775293,193,2048
3973120,3727.76708984375,-1.9148193928939108,1939,-1.0432031154632568,0.0010432031704112887,6.8517636817410095,0.0,-1.9137761897234995,194,2048
3993600,3732.5625,-2.0100086606101715,1949,-1.0636852979660034,0.0010636853985488415,7.561490287749653,0.0,-2.0089449752116226,195,2048
4014080,3736.9072265625,-2.03061545834833,1959,-1.0843347311019897,0.0010843347990885377,7.675062103840936,0.0,-2.0295311235492415,196,2048
4034560,3740.633056640625,-2.038896677924496,1969,-1.1052358150482178,0.0011052358895540237,7.764125783525623,0.0,-2.037791442034942,197,2048
4055040,3744.032958984375,-2.0813903486659795,1979,-1.1261473894119263,0.0011261474573984742,8.072717671201417,0.0,-2.080264201208581,198,2048
4075520,3747.1767578125,-1.8796884919981454,1989,-1.1470041275024414,0.0011470041936263442,6.651038851881404,0.0,-1.878541487804519,199,2048
4096000,3753.97216796875,-2.0558171502972975,1999,-1.1667038202285767,0.0011667038779705763,7.868609106892121,0.0,-2.054650446419327,200,2048
4116480,3760.42822265625,-2.129308205666065,2009,-1.1865843534469604,0.0011865843553096056,8.437667929888963,0.0,-2.1281216213107554,201,2048
4136960,3764.784423828125,-2.1603927698518346,2019,-1.2069602012634277,0.0012069602962583303,8.717413974357779,0.0,-2.1591858095555763,202,2048
4157440,3768.867431640625,-2.1824946481860628,2029,-1.2277069091796875,0.0012277070200070739,8.932757019899187,0.0,-2.1812669411660557,203,2048
4177920,3772.087890625,-2.206310683801938,2039,-1.2486438751220703,0.0012486439663916826,9.150057214331108,0.0,-2.2050620398355463,204,2048
4198400,3775.896240234375,-2.154245900650161,2049,-1.269197940826416,0.0012691980227828026,8.69596770173342,0.0,-2.1529767026273783,205,2048
4218880,3782.6630859375,-2.2142314083854653,2059,-1.288996934890747,0.001288997009396553,9.35617759900793,0.0,-2.2129424113760687,206,2048
4239360,3788.173095703125,-2.217795287405814,2069,-1.3091838359832764,0.0013091838918626308,9.30350551767691,0.0,-2.2164861035139514,207,2048
4259840,3793.373779296875,-2.2839723321260457,2079,-1.3294005393981934,0.0013294005766510963,9.852844353381366,0.0,-2.2826429315493946,208,2048
4280320,3798.021484375,-2.1232978347686604,2089,-1.3497517108917236,0.001349751721136272,8.468044419470232,0.0,-2.121948083047524,209,2048
4300800,3804.704345703125,-2.2542170658508796,2099,-1.3692584037780762,0.0013692585052922368,9.663084241694794,0.0,-2.2528478073455873,210,2048
4321280,3811.95068359375,-2.2990402690929796,2109,-1.3887693881988525,0.0013887694803997874,10.087506226681057,0.0,-2.29765149961258,211,2048
4341760,3817.5380859375,-2.359820315365095,2119,-1.4087715148925781,0.0014087716117501259,10.647295556883648,0.0,-2.358411543753345,212,2048
4362240,3822.14990234375,-2.293403981081865,2129,-1.4292759895324707,0.0014292760752141476,10.056232606958195,0.0,-2.291974705006651,213,2048
4382720,3829.709228515625,-2.1329494046902138,2139,-1.4482421875,0.0014482422266155481,8.81607494523507,0.0,-2.131501162463598,214,2048
4403200,3840.690185546875,-2.34981687458934,2149,-1.4658763408660889,0.001465876353904605,10.663568233980856,0.0,-2.3483509982354356,215,2048
4423680,3850.3828125,-2.3327141983387576,2159,-1.4843227863311768,0.00148432282730937,10.54420118264718,0.0,-2.3312298755114482,216,2048
4444160,3858.678955078125,-2.3469291648980857,2169,-1.5034358501434326,0.0015034358948469162,10.772535728674402,0.0,-2.3454257290032388,217,2048
4464640,3866.796142578125,-2.4079679385191057,2179,-1.5227429866790771,0.0015227430267259479,11.238714497353689,0.0,-2.40644519549238,218,2048
4485120,3875.365234375,-2.399775892774149,2189,-1.5416960716247559,0.0015416961396113038,11.324413863397474,0.0,-2.3982341966345375,219,2048
4505600,3882.36083984375,-2.446618776862491,2199,-1.5609674453735352,0.0015609675319865346,11.762545956471158,0.0,-2.4450578093305047,220,2048
4526080,3888.33984375,-2.503661718969294,2209,-1.5805604457855225,0.0015805604634806514,12.404914231867682,0.0,-2.5020811585058134,221,2048
4546560,3894.1357421875,-2.4769582348946515,2219,-1.6004445552825928,0.0016004446661099792,12.105172947590821,0.0,-2.4753577902285415,222,2048
4567040,3899.071044921875,-2.524287539986709,2229,-1.6201393604278564,0.0016201394610106945,12.628498350098806,0.0,-2.522667400525698,223,2048
4587520,3903.622802734375,-2.5666089462522534,2239,-1.6402056217193604,0.0016402057372033596,13.24486115175701,0.0,-2.56496874051505,224,2048
4608000,3908.94775390625,-2.2380625662684652,2249,-1.6599335670471191,0.0016599335940554738,10.139101738003358,0.0,-2.2364026326744098,225,2048
4628480,3919.02392578125,-2.5545254487895965,2259,-1.677032232284546,0.0016770323272794485,13.061296978233651,0.0,-2.552848416462317,226,2048
4648960,3928.46044921875,-2.558911985350573,2269,-1.6950726509094238,0.0016950727440416813,13.233723754549274,0.0,-2.557216912606531,227,2048
4669440,3936.115478515625,-2.5913606888662613,2279,-1.7137494087219238,0.00171374948695302,13.78271627960106,0.0,-2.5896469393793082,228,2048
4689920,3943.9287109375,-2.565332949403459,2289,-1.7326269149780273,0.0017326270462945104,13.329489274887937,0.0,-2.5636003223571646,229,2048
4710400,3950.936767578125,-2.6610339335872943,2299,-1.7516627311706543,0.0017516628140583634,14.493542218801611,0.0,-2.659282270773236,230,2048
4730880,3956.044677734375,-2.7001889757549886,2309,-1.7714779376983643,0.0017714779824018478,15.005662554731995,0.0,-2.6984174977725868,231,2048
4751360,3961.70849609375,-2.5955673264273726,2319,-1.790741205215454,0.0017907413421198726,13.748634631873564,0.0,-2.5937765850852528,232,2048
4771840,3973.83740234375,-1.3939825973469313,2329,-1.8071727752685547,0.0018071728991344571,8.706136957615279,0.0,-1.3921754244477968,233,2048
4792320,4003.931884765625,-0.3943756869560515,2339,-1.8100924491882324,0.0018100924789905548,3.930240496272595,0.0,-0.39256559447706096,234,2048
4812800,4046.23974609375,-1.1059127318882664,2349,-1.8041129112243652,0.001804113038815558,8.267199988224023,0.0,-1.1041086188494509,235,2048
4833280,4094.41015625,-1.8681421392825572,2359,-1.7941958904266357,0.0017941959667950869,9.504075239179937,0.0,-1.8663479433157621,236,2048
4853760,4132.81396484375,-2.269508205002562,2369,-1.792099952697754,0.0017921000253409147,11.73452728939847,0.0,-2.267716104977221,237,2048
4874240,4157.4287109375,-2.4790968080842504,2379,-1.7989428043365479,0.001798942917957902,12.99965267943595,0.0,-2.4772978651662925,238,2048
4894720,4173.13525390625,-2.6267643446294895,2389,-1.8116953372955322,0.0018116954015567899,14.295212750967082,0.0,-2.6249526492279327,239,2048
4915200,4182.95458984375,-2.6786970647030977,2399,-1.8279683589935303,0.0018279684009030461,14.993665101598827,0.0,-2.6768690963021946,240,2048
4935680,4189.23681640625,-2.7370508933607463,2409,-1.846329689025879,0.0018463297747075558,15.797190749827351,0.0,-2.7352045635860387,241,2048
4956160,4193.61279296875,-2.784851897538851,2419,-1.8659300804138184,0.0018659301567822695,16.406314751165418,0.0,-2.7829859673820687,242,2048
4976640,4196.7021484375,-2.8209824872418476,2429,-1.8862450122833252,0.001886245096102357,16.89530995721153,0.0,-2.8190962421457453,243,2048
4997120,4199.58642578125,-2.8507838764807367,2439,-1.906954050064087,0.0019069541012868285,17.40701362938546,0.0,-2.84887692237945,244,2048
5017600,4201.9736328125,-2.879475565828532,2449,-1.9279437065124512,0.0019279437838122249,17.87351709555969,0.0,-2.8775476220447196,245,2048
5038080,4204.08251953125,-2.9031363163469464,2459,-1.949049949645996,0.00194904999807477,18.323142556896265,0.0,-2.9011872663488716,246,2048
5058560,4205.91943359375,-2.8765052298240006,2469,-1.9702000617980957,0.001970200100913644,17.85159612973068,0.0,-2.874535029723087,247,2048
5079040,4208.447265625,-2.943886382025533,2479,-1.9909086227416992,0.00199090875685215,19.140591448733467,0.0,-2.941895473268681,248,2048
5099520,4211.01806640625,-2.9685651321900166,2489,-2.0115387439727783,0.0020115389488637447,19.575502635647677,0.0,-2.966553593241153,249,2048
5120000,4213.90966796875,-2.976234994860733,2499,-2.0320780277252197,0.002032078104093671,19.85020424328615,0.0,-2.9742029167566395,250,2048
5140480,4216.72607421875,-2.9941754001459358,2509,-2.0528295040130615,0.0020528296008706093,20.21295427899866,0.0,-2.992122570545065,251,2048
5160960,4219.05712890625,-3.0250322841809307,2519,-2.073848009109497,0.0020738481543958187,20.86458426739658,0.0,-3.022958436026535,252,2048
5181440,4222.1455078125,-2.497577897115434,2529,-2.0942745208740234,0.0020942746195942163,12.901831570565987,0.0,-2.49548362249584,253,2048
5201920,4231.02392578125,-2.9978460648184386,2539,-2.1101608276367188,0.0021101608872413635,20.639805360548813,0.0,-2.9957359039311973,254,2048
5222400,4239.65185546875,-2.9463606069591535,2549,-2.126843214035034,0.0021268432028591633,19.463069268465897,0.0,-2.9442337637562943,255,2048
5242880,4245.17138671875,-3.042182984325076,2559,-2.145355224609375,0.002145355334505439,21.400013547448534,0.0,-3.0400376289905706,256,2048
5263360,4249.42236328125,-3.0966709068206044,2569,-2.1650657653808594,0.002165065845474601,22.500218291735237,0.0,-3.09450584097513,257,2048
5283840,4252.5087890625,-3.135287994326066,2579,-2.1854991912841797,0.002185499295592308,23.09132150717812,0.0,-3.1331024950304736,258,2048
5304320,4254.861328125,-3.161026232784478,2589,-2.2063586711883545,0.002206358825787902,23.73597000026613,0.0,-3.15881987395869,259,2048
5324800,4256.99462890625,-3.161927657090045,2599,-2.2273573875427246,0.0022273575887084007,23.857822349725616,0.0,-3.1597002995013366,260,2048
5345280,4260.1845703125,-3.097829537597531,2609,-2.247607946395874,0.002247608033940196,22.56692896090177,0.0,-3.0955819295635907,261,2048
5365760,4264.806640625,-3.1876744483045156,2619,-2.266947031021118,0.00226694718003273,24.45227001558701,0.0,-3.185407501124483,262,2048
5386240,4269.3505859375,-3.1769825914114436,2629,-2.2866737842559814,0.002286673989146948,24.58071453479924,0.0,-3.1746959174222966,263,2048
5406720,4273.40380859375,-3.1780468120188314,2639,-2.3064186573028564,0.002306418726220727,24.396729325939084,0.0,-3.1757403932926107,264,2048
5427200,4277.80517578125,-3.1359992697458328,2649,-2.326122522354126,0.0023261227179318666,23.361657516345772,0.0,-3.133673147027901,265,2048
5447680,4283.12109375,-3.2355736267430877,2659,-2.3446240425109863,0.002344624139368534,25.95783128891518,0.0,-3.233229002603719,266,2048
5468160,4289.6435546875,-3.232698372339086,2669,-2.3628129959106445,0.002362813102081418,25.685077130231477,0.0,-3.2303355592370044,267,2048
5488640,4295.45947265625,-3.2468213748577908,2679,-2.381434679031372,0.0023814348969608545,26.116918926301693,0.0,-3.24443993996083,268,2048
5509120,4300.19091796875,-3.2969507302202796,2689,-2.400730609893799,0.002400730736553669,27.40260594272307,0.0,-3.294549999483726,269,2048
5529600,4306.0439453125,-3.0989492296308807,2699,-2.4188947677612305,0.002418894786387682,23.31544686160565,0.0,-3.096530334844493,270,2048
5550080,4315.60400390625,-3.177178887350551,2709,-2.4344470500946045,0.0024344471748918295,24.749792576384287,0.0,-3.174744440175659,271,2048
5570560,4322.78955078125,-3.299310973543111,2719,-2.4515140056610107,0.0024515141267329454,28.32151762708763,0.0,-3.2968594594163783,272,2048
5591040,4328.58935546875,-3.3643724587703514,2729,-2.4698755741119385,0.002469875616952777,29.255341926149427,0.0,-3.3619025831533986,273,2048
5611520,4333.68212890625,-3.340565954910542,2739,-2.4890809059143066,0.0024890811182558537,29.740913767705145,0.0,-3.338076873792286,274,2048
5632000,4338.0673828125,-3.210088879403187,2749,-2.5085642337799072,0.0025085643865168095,25.405122481896065,0.0,-3.20758031501667,275,2048
5652480,4344.82275390625,-3.381865473576331,2759,-2.526179790496826,0.002526179887354374,30.276590544952263,0.0,-3.3793392936889766,276,2048
5672960,4350.18798828125,-3.4129496939557544,2769,-2.544694185256958,0.002544694347307086,31.25077100220635,0.0,-3.4104049996084473,277,2048
5693440,4355.80615234375,-3.4548325353156804,2779,-2.562845230102539,0.0025628453586250544,32.50619484654862,0.0,-3.4522696899570553,278,2048
5713920,4363.2412109375,-3.3075760972930675,2789,-2.579683542251587,0.002579683670774102,29.289708530707827,0.0,-3.3049964136222933,279,2048
5734400,4371.05029296875,-3.44747946468169,2799,-2.5963802337646484,0.0025963804218918085,32.66996746859384,0.0,-3.444883084259798,280,2048
5754880,4378.0107421875,-3.3699696190822603,2809,-2.613828182220459,0.002613828284665942,30.504535943718,0.0,-3.3673557907975944,281,2048
5775360,4385.01904296875,-3.4724106452030905,2819,-2.6316006183624268,0.0026316007133573294,33.77826059662043,0.0,-3.469779044489733,282,2048
5795840,4390.58251953125,-3.3956151191839585,2829,-2.6501262187957764,0.002650126349180937,30.73710073739707,0.0,-3.3929649928347776,283,2048
5816320,4401.86962890625,-2.4549051500839685,2839,-2.6623337268829346,0.002662333892658353,19.123158241872254,0.0,-2.45224281619131,284,2048
5836800,4434.443359375,7.904623633582695,2849,-2.6517465114593506,0.002651746617630124,2.3504119901853704,0.0,7.907275380200325,285,2048
5857280,4666.2919921875,59.894139841848734,2859,-2.5491485595703125,0.002549148630350828,0.09607820012629367,0.0,59.896688990479085,286,2048
5877760,4967.9287109375,11.776972592787633,2869,-2.43546199798584,0.0024354620836675167,2.394530749650006,0.0,11.7794080548713,287,2048
5898240,5137.07568359375,8.683303709640638,2879,-2.3610541820526123,0.0023610542993992567,5.091704579313006,0.0,8.685664763940038,288,2048
5918720,5231.80810546875,6.4517608291937965,2889,-2.3101446628570557,0.00231014471501112,4.85755320836647,0.0,6.454070973908808,289,2048
5939200,5298.44140625,6.431511648032754,2899,-2.2719533443450928,0.0022719535045325756,5.6530137735299295,0.0,6.433783601537287,290,2048
5959680,5346.4375,4.981077128671941,2909,-2.2404661178588867,0.0022404661867767572,5.610895620187295,0.0,4.983317594858717,291,2048
5980160,5388.0654296875,4.1937838614326335,2919,-2.2136287689208984,0.002213628962635994,5.8234958367055025,0.0,4.1959974903952695,292,2048
6000640,5429.72119140625,3.376916867867854,2929,-2.1901702880859375,0.002190170343965292,5.807178779760156,0.0,3.3791070382118193,293,2048
6021120,5471.01708984375,2.834741397229167,2939,-2.169250011444092,0.0021692500449717045,7.073350406602537,0.0,2.8369106472741388,294,2048
6041600,5511.6533203125,2.7712803484205755,2949,-2.150442123413086,0.0021504422184079885,5.522987787920436,0.0,2.7734307906389835,295,2048
6062080,5552.27587890625,2.119092924219,2959,-2.1334269046783447,0.0021334269549697638,6.577915013500657,0.0,2.12122635117397,296,2048
6082560,5591.44873046875,1.6432751894792985,2969,-2.118022918701172,0.0021180231124162674,7.583021528250546,0.0,1.6453932125917148,297,2048
6103040,5630.076171875,1.163568365919693,2979,-2.104060173034668,0.002104060258716345,7.465502971593502,0.0,1.1656724261784093,298,2048
6123520,5667.9267578125,1.098726987132908,2989,-2.091449022293091,0.0020914492197334766,7.489035206813935,0.0,1.1008184363526414,299,2048
6144000,5702.71826171875,0.9099144425903078,2999,-2.0799906253814697,0.002079990692436695,6.734337280856324,0.0,0.9119944332827445,300,2048
6164480,5735.83447265625,0.6619723590913513,3009,-2.06963849067688,0.0020696385763585567,7.9989084813010916,0.0,0.6640419976677099,301,2048
6184960,5767.68994140625,0.18867801866712988,3019,-2.0603623390197754,0.002060362370684743,8.042294426246396,0.0,0.19073838103781462,302,2048
6205440,5798.85888671875,0.09106489475092322,3029,-2.052039861679077,0.002052040072157979,8.061450936916591,0.0,0.0931169348230812,303,2048
6225920,5828.56982421875,-0.2941776324310931,3039,-2.044482469558716,0.002044482622295618,8.80846946591075,0.0,-0.29213314980879745,304,2048
6246400,5857.1630859375,-0.4064585926711709,3049,-2.037684202194214,0.0020376842003315687,8.728915153426511,0.0,-0.40442090847083934,305,2048
6266880,5884.328125,-0.44341644378126616,3059,-2.0314929485321045,0.0020314930006861687,8.576697488520736,0.0,-0.44138495078058,306,2048
6287360,5911.0419921875,-0.634411925454242,3069,-2.025968313217163,0.0020259683951735497,9.125797906456413,0.0,-0.6323859570590684,307,2048
6307840,5936.37890625,-0.7391533867314195,3079,-2.021066427230835,0.0020210666116327047,9.137347759155459,0.0,-0.7371323201197868,308,2048
6328320,5962.11865234375,-1.0306883602251318,3089,-2.016741991043091,0.0020167420152574778,9.149691481311176,0.0,-1.0286716182098743,309,2048
6348800,5986.91357421875,-0.8425053152134849,3099,-2.0127694606781006,0.0020127694588154554,9.360452177593555,0.0,-0.8404925457546695,310,2048
6369280,6010.65380859375,-1.2260498478825361,3109,-2.009164333343506,0.0020091645419597626,9.969359559528854,0.0,-1.2240406833405764,311,2048
6389760,6033.7021484375,-1.3036102858884044,3119,-2.0060839653015137,0.0020060839597135782,9.95778454039386,0.0,-1.3016042019286909,312,2048
6410240,6056.90673828125,-1.3840570917614208,3129,-2.00331711769104,0.0020033172331750393,10.352989784577133,0.0,-1.3820537745282457,313,2048
6430720,6078.9189453125,-1.4078659774307614,3139,-2.000950813293457,0.002000950975343585,10.40493414886285,0.0,-1.4058650264554178,314,2048
6451200,6100.15771484375,-1.4709503437804168,3149,-1.9989631175994873,0.001998963300138712,10.703932671713806,0.0,-1.468951380480278,315,2048
6471680,6121.1103515625,-1.4509661828175093,3159,-1.9973535537719727,0.0019973537418991327,10.564900455337865,0.0,-1.4489688290756102,316,2048
6492160,6141.77587890625,-1.7295298663629834,3169,-1.996006727218628,0.001996006816625595,11.136197658777572,0.0,-1.7275338595463579,317,2048
6512640,6161.68798828125,-1.630772498849479,3179,-1.9949374198913574,0.001994937425479293,10.520821186545515,0.0,-1.6287775614239997,318,2048
6533120,6180.9931640625,-1.7335446083943606,3189,-1.9940333366394043,0.001994033344089985,11.30689642746388,0.0,-1.7315505750502707,319,2048
6553600,6199.7021484375,-1.8807771761704457,3199,-1.9933652877807617,0.001993365352973342,11.47356983524462,0.0,-1.8787838108174724,320,2048
6574080,6218.2724609375,-1.8923811385796943,3209,-1.9929420948028564,0.001992942299693823,11.6283342969632,0.0,-1.8903881962800004,321,2048
6594560,6236.20849609375,-1.8087441065979506,3219,-1.9925334453582764,0.0019925334490835667,11.372145093329753,0.0,-1.806751573148867,322,2048
6615040,6253.05224609375,-2.082545141338402,3229,-1.9923279285430908,0.001992328092455864,12.494888673231788,0.0,-2.080552813245946,323,2048
6635520,6268.7978515625,-2.0725948640917844,3239,-1.9924423694610596,0.001992442412301898,12.458903351749665,0.0,-2.0706024216794825,324,2048
6656000,6284.43310546875,-2.015626158623441,3249,-1.9928181171417236,0.0019928182009607553,12.077355419226013,0.0,-2.0136333404224804,325,2048
6676480,6299.14208984375,-2.2095904126536796,3259,-1.9933805465698242,0.001993380719795823,12.906790715877811,0.0,-2.207597031933884,326,2048
6696960,6313.13818359375,-2.073987064474456,3269,-1.9941954612731934,0.0019941956270486116,12.621013283196522,0.0,-2.071992868847407,327,2048
6717440,6326.767578125,-2.306672888805209,3279,-1.9950919151306152,0.001995092025026679,13.65177587462476,0.0,-2.304677796780182,328,2048
6737920,6340.25146484375,-2.33380253859372,3289,-1.9961729049682617,0.001996173057705164,13.697868784114224,0.0,-2.331806365536015,329,2048
6758400,6353.458984375,-2.284735110044269,3299,-1.9974467754364014,0.0019974468741565943,13.176325136701948,0.0,-2.2827376631701126,330,2048
6778880,6366.16796875,-2.3179764844443045,3309,-1.9988486766815186,0.0019988487474620342,13.810186782317928,0.0,-2.3159776356968425,331,2048
6799360,6378.51953125,-2.3558951578958918,3319,-2.0003662109375,0.00200036633759737,14.028667553613207,0.0,-2.3538947915582944,332,2048
6819840,6390.48046875,-2.408434150863516,3329,-2.0019659996032715,0.002001966116949916,14.139508584577177,0.0,-2.406432184746566,333,2048
6840320,6402.2431640625,-2.3925261241028304,3339,-2.0037198066711426,0.002003719797357917,14.276367957377623,0.0,-2.3905224043054725,334,2048
6860800,6413.5791015625,-2.409738155794407,3349,-2.0055947303771973,0.0020055947825312614,14.39169249613688,0.0,-2.407732561011876,335,2048
6881280,6424.71875,-2.4606403930218512,3359,-2.007599353790283,0.0020075994543731213,14.646807511117354,0.0,-2.458632793567478,336,2048
6901760,6435.67529296875,-2.4807905873354166,3369,-2.0096967220306396,0.0020096967928111553,14.681549255873385,0.0,-2.4787808905426054,337,2048
6922240,6446.00830078125,-2.4968439626224574,3379,-2.011868476867676,0.0020118686370551586,14.618526625785968,0.0,-2.4948320939854023,338,2048
6942720,6456.50537109375,-2.470265331845394,3389,-2.0140998363494873,0.0020140998531132936,14.617438498668943,0.0,-2.468251231992281,339,2048
6963200,6466.515625,-2.5609852071236228,3399,-2.0163936614990234,0.0020163937006145716,15.26341095744995,0.0,-2.558968813423008,340,2048
6983680,6476.17333984375,-2.490228158986777,3409,-2.018781900405884,0.002018782077357173,15.099802765871647,0.0,-2.48820937690942,341,2048
7004160,6485.8369140625,-2.594900265223253,3419,-2.0212817192077637,0.002021281747147441,15.50253075744713,0.0,-2.5928789834761057,342,2048
7024640,6495.06103515625,-2.603295749647658,3429,-2.0238771438598633,0.0020238773431628942,15.569985578408438,0.0,-2.601271872304495,343,2048
7045120,6504.0771484375,-2.629394476095384,3439,-2.0265395641326904,0.0020265397615730762,15.976768079906098,0.0,-2.627367936333811,344,2048
7065600,6513.0546875,-2.5989206208543054,3449,-2.0292770862579346,0.002029277151450515,15.750734179357153,0.0,-2.596891343702855,345,2048
7086080,6521.505859375,-2.66628900211838,3459,-2.032076835632324,0.0020320769399404526,16.397806360507232,0.0,-2.6642569251784396,346,2048
7106560,6529.61572265625,-2.5891650649339546,3469,-2.0349764823913574,0.002034976612776518,16.14202720240212,0.0,-2.587130088321178,347,2048
7127040,6538.0966796875,-2.627488804407066,3479,-2.0379421710968018,0.002037942176684737,16.113320836489777,0.0,-2.625450862230381,348,2048
7147520,6546.2138671875,-2.6901491300241362,3489,-2.0409066677093506,0.002040906809270382,16.444419167280195,0.0,-2.688108223214866,349,2048
7168000,6554.3505859375,-2.710241446926277,3499,-2.043928623199463,0.0020439287181943655,16.70016021065082,0.0,-2.708197518208083,350,2048
7188480,6561.86962890625,-2.7028236222131756,3509,-2.0470080375671387,0.0020470081362873316,16.762874380888405,0.0,-2.7007766140768883,351,2048
7208960,6569.1376953125,-2.7089107629775517,3519,-2.0501868724823,0.002050186973065138,16.882431756921918,0.0,-2.7068605760044866,352,2048
7229440,6576.2705078125,-2.7325048205572706,3529,-2.0534634590148926,0.0020534635987132788,17.058038978861337,0.0,-2.7304513569585573,353,2048
7249920,6583.25927734375,-2.7242933309834125,3539,-2.0568103790283203,0.002056810539215803,17.0950351757742,0.0,-2.7222365204441967,354,2048
7270400,6589.93212890625,-2.7538953873525545,3549,-2.0602335929870605,0.0020602336153388023,17.569238145535316,0.0,-2.7518351537372157,355,2048
7290880,6596.48974609375,-2.755393810407973,3559,-2.0637199878692627,0.0020637200213968754,17.33564381533973,0.0,-2.753330090386576,356,2048
7311360,6603.041015625,-2.7357753338684896,3569,-2.0672550201416016,0.002067255089059472,16.98042012319307,0.0,-2.73370807877943,357,2048
7331840,6609.533203125,-2.802158373888628,3579,-2.07076096534729,0.002070761052891612,17.6623905287069,0.0,-2.8000876128357364,358,2048
7352320,6615.90869140625,-2.774991739725416,3589,-2.0742738246917725,0.0020742740016430616,17.5226016160461,0.0,-2.772917465723773,359,2048
7372800,6622.27099609375,-2.741275918795527,3599,-2.077871799468994,0.002077871933579445,17.059035915341457,0.0,-2.7391980468619477,360,2048
7393280,6628.7041015625,-2.7852664414353825,3609,-2.081491470336914,0.002081491518765688,18.13343863680377,0.0,-2.783184949916617,361,2048
7413760,6634.765625,-2.830705898977718,3619,-2.0852253437042236,0.002085225423797965,18.38477858995211,0.0,-2.82862067355392,362,2048
7434240,6640.52294921875,-2.8404641393416954,3629,-2.089019775390625,0.002089019864797592,18.43065862339112,0.0,-2.838375119476898,363,2048
7454720,6646.19580078125,-2.8664439916528557,3639,-2.0928850173950195,0.00209288508631289,18.624110693028236,0.0,-2.864351106566543,364,2048
7475200,6651.74072265625,-2.832427904856435,3649,-2.096801519393921,0.002096801530569792,18.646317243857332,0.0,-2.8303311033258653,365,2048
7495680,6657.37841796875,-2.8637586735678227,3659,-2.1007471084594727,0.002100747311487794,18.94622816404566,0.0,-2.861657926256335,366,2048
7516160,6662.66259765625,-2.8643174759621894,3669,-2.1047604084014893,0.0021047606132924557,19.02797044069918,0.0,-2.862212715348897,367,2048
7536640,6667.83740234375,-2.875599832224019,3679,-2.108814001083374,0.0021088141947984695,19.046504012900613,0.0,-2.8734910180292204,368,2048
7557120,6673.1015625,-2.8579659206742916,3689,-2.112898111343384,0.002112898277118802,18.86551747901231,0.0,-2.8558530223971728,369,2048
7577600,6678.23193359375,-2.8751381447679343,3699,-2.1170003414154053,0.0021170005202293396,19.055375333313844,0.0,-2.873021144247705,370,2048
7598080,6683.30224609375,-2.907221341368623,3709,-2.121126890182495,0.002121126977726817,19.417871504237205,0.0,-2.905100214390896,371,2048
7618560,6688.2646484375,-2.8381241363846446,3719,-2.125267267227173,0.002125267405062914,18.861033861652068,0.0,-2.8359988689795816,372,2048
7639040,6693.177734375,-2.9038297235466564,3729,-2.12943434715271,0.002129434375092387,19.60911321482818,0.0,-2.901700289171564,373,2048
7659520,6698.154296875,-2.9019269076410135,3739,-2.1336846351623535,0.0021336846984922886,19.434352104033838,0.0,-2.899793222942521,374,2048
7680000,6702.87939453125,-2.8550421420148178,3749,-2.1379971504211426,0.0021379971876740456,18.730280634035175,0.0,-2.8529041448271437,375,2048
7700480,6707.7861328125,-2.964779482799635,3759,-2.1422815322875977,0.002142281737178564,20.30989140943463,0.0,-2.9626372010624564,376,2048
7720960,6712.60400390625,-2.96050607746685,3769,-2.146602153778076,0.0021466021426022053,20.26154634937681,0.0,-2.9583594753242477,377,2048
7741440,6717.29443359375,-2.9569968453539386,3779,-2.1509485244750977,0.0021509486250579357,20.30634894381214,0.0,-2.9548458967288806,378,2048
7761920,6721.74853515625,-2.966788607913557,3789,-2.155371904373169,0.002155371941626072,20.446681682203483,0.0,-2.964633235971931,379,2048
7782400,6726.25390625,-2.977640232695837,3799,-2.1599009037017822,0.002159900963306427,20.599236015301102,0.0,-2.9754803317325305,380,2048
7802880,6730.2939453125,-2.9720849958313975,3809,-2.16449236869812,0.0021644923835992813,20.739637386971793,0.0,-2.9699205034477982,381,2048
7823360,6734.34423828125,-2.979091214094467,3819,-2.1691317558288574,0.0021691317670047283,20.546346473379664,0.0,-2.9769220823274622,382,2048
7843840,6738.2841796875,-3.0015828831878792,3829,-2.1738059520721436,0.0021738060750067234,21.245538281078,0.0,-2.9994090771128725,383,2048
7864320,6742.07275390625,-3.017835624930945,3839,-2.1785502433776855,0.0021785502322018147,21.45360696397472,0.0,-3.0156570746987432,384,2048
7884800,6745.935546875,-3.0274293080401975,3849,-2.1833481788635254,0.00218334817327559,21.593518825450282,0.0,-3.025245959866922,385,2048
7905280,6749.5068359375,-2.944547771928522,3859,-2.1882009506225586,0.0021882010623812675,20.188168096845743,0.0,-2.9423595708661407,386,2048
7925760,6753.6171875,-2.9806326904856237,3869,-2.192995071411133,0.0021929952781647444,21.279228580595493,0.0,-2.978439695207459,387,2048
7946240,6757.447265625,-3.029118022921902,3879,-2.1978015899658203,0.002197801601141691,21.601779863724957,0.0,-3.0269202213207604,388,2048
7966720,6761.46044921875,-3.00525373148335,3889,-2.202676296234131,0.0022026763763278723,21.152700247143457,0.0,-3.003051055107022,389,2048
7987200,6765.37255859375,-3.027754677791385,3899,-2.2075741291046143,0.002207574201747775,22.030546790311845,0.0,-3.0255471035896373,390,2048
8007680,6769.18017578125,-3.0536247095046596,3909,-2.212430238723755,0.002212430350482464,22.018993230222726,0.0,-3.051412279154177,391,2048
8028160,6773.2060546875,-3.0364210088375114,3919,-2.2172627449035645,0.0022172627504915,21.82425829268633,0.0,-3.03420374608702,392,2048
8048640,6777.1025390625,-3.0492049166073,3929,-2.222153663635254,0.0022221538238227367,21.719403073673227,0.0,-3.046982762783477,393,2048
8069120,6780.66748046875,-3.0557052245856875,3939,-2.227105140686035,0.00222710520029068,22.1822049958615,0.0,-3.053478119385397,394,2048
8089600,6784.70263671875,-2.978057449258425,3949,-2.2320189476013184,0.002232019091024995,20.97627256869627,0.0,-2.9758254301674,395,2048
8110080,6788.77490234375,-3.077805234074518,3959,-2.2368271350860596,0.002236827276647091,22.516459170798402,0.0,-3.075568406797871,396,2048
8130560,6792.421875,-3.058549660841392,3969,-2.241689443588257,0.0022416894789785147,22.211989025285675,0.0,-3.0563079713624135,397,2048
8151040,6796.1611328125,-3.0979176512079585,3979,-2.246676445007324,0.002246676478534937,22.995244785956537,0.0,-3.0956709747294235,398,2048
8171520,6799.931640625,-3.095433164736515,3989,-2.251797676086426,0.0022517978213727474,22.96119158499761,0.0,-3.0931813669151422,399,2048
8192000,6803.12744140625,-3.129639861633695,3999,-2.2570230960845947,0.0022570232395082712,23.602391819934923,0.0,-3.127382838394187,400,2048
8212480,6806.25048828125,-3.119892530094397,4009,-2.2623133659362793,0.002262313384562731,23.187090960278475,0.0,-3.117630216709834,401,2048
8232960,6809.52783203125,-3.108565467294565,4019,-2.2676634788513184,0.002267663599923253,23.28200815168732,0.0,-3.1062978036946416,402,2048
8253440,6813.08349609375,-3.0859340842568415,4029,-2.2729392051696777,0.002272939309477806,22.543149648442224,0.0,-3.0836611449473637,403,2048
8273920,6816.81103515625,-3.114785457967195,4039,-2.278139114379883,0.002278139116242528,23.37560873978036,0.0,-3.1125073188509527,404,2048
8294400,6820.361328125,-3.1187676036501673,4049,-2.283353805541992,0.0022833538241684437,23.346977175559985,0.0,-3.116484249825999,405,2048
8314880,6823.62060546875,-3.0762088973380024,4059,-2.2885496616363525,0.0022885496728122234,22.89475375187508,0.0,-3.07392034766519,406,2048
8335360,6826.98828125,-3.103357667866542,4069,-2.2938168048858643,0.002293817000463605,23.12734925132935,0.0,-3.1010638508660784,407,2048
8355840,6830.52685546875,-3.0977712637947263,4079,-2.299060583114624,0.0022990605793893337,22.958042840865453,0.0,-3.095472203215337,408,2048
8376320,6834.5556640625,-3.098334054434615,4089,-2.3042657375335693,0.0023042657412588596,23.25767210698904,0.0,-3.096029788693356,409,2048
8396800,6838.3076171875,-3.088429269378319,4099,-2.3095803260803223,0.002309580333530903,22.89693032835835,0.0,-3.086119689044788,410,2048
8417280,6841.6884765625,-3.176738696504275,4109,-2.314915418624878,0.0023149154148995876,24.61302362035027,0.0,-3.1744237810893754,411,2048
8437760,6844.89208984375,-3.1429259406478445,4119,-2.3203485012054443,0.0023203485179692507,24.19924631842457,0.0,-3.1406055921298752,412,2048
8458240,6848.27392578125,-3.2024362959573205,4129,-2.3259074687957764,0.0023259075824171305,25.27692570889866,0.0,-3.2001103883749034,413,2048
8478720,6851.12890625,-3.1843601978872784,4139,-2.3316333293914795,0.0023316333536058664,25.650752906142955,0.0,-3.1820285645336726,414,2048
8499200,6854.130859375,-3.1689319914324257,4149,-2.3373777866363525,0.0023373779840767384,24.560284115948107,0.0,-3.166594613448349,415,2048
8519680,6857.24560546875,-3.2204184508535243,4159,-2.343116521835327,0.0023431165609508753,25.904210017448726,0.0,-3.2180753342925734,416,2048
8540160,6859.90380859375,-3.231926378916579,4169,-2.3489773273468018,0.0023489773739129305,26.054507774770478,0.0,-3.229577401542666,417,2048
8560640,6862.47802734375,-3.1387986958141996,4179,-2.3548460006713867,0.00235484610311687,23.877166445916167,0.0,-3.1364438497110827,418,2048
8581120,6865.28759765625,-3.2283828585680543,4189,-2.3605806827545166,0.0023605807218700647,26.483240097411663,0.0,-3.2260222778461842,419,2048
8601600,6868.1650390625,-3.2432505219280037,4199,-2.3663837909698486,0.0023663837928324938,26.306121833866015,0.0,-3.240884138135171,420,2048
8622080,6871.0087890625,-3.2533251236367744,4209,-2.3722918033599854,0.0023722918704152107,26.87435429465794,0.0,-3.250952831766359,421,2048
8642560,6873.72900390625,-3.115385412491179,4219,-2.378227949142456,0.00237822812050581,23.579112563932572,0.0,-3.113007184370673,422,2048
8663040,6876.982421875,-3.2514051378581073,4229,-2.3838319778442383,0.0023838321212679148,26.437751058268155,0.0,-3.2490213057368393,423,2048
8683520,6879.95166015625,-3.252231871786033,4239,-2.389552593231201,0.0023895527701824903,26.60001601639314,0.0,-3.2498423190158503,424,2048
8704000,6882.67724609375,-3.278497244814608,4249,-2.39546799659729,0.0023954680655151606,26.980520566061564,0.0,-3.2761017767490928,425,2048
8724480,6885.16943359375,-3.280548911774428,4259,-2.401540517807007,0.002401540521532297,27.353295262390482,0.0,-3.2781473712528957,426,2048
8744960,6887.72021484375,-3.2560002187075283,4269,-2.407721996307373,0.0024077221751213074,26.421885712353994,0.0,-3.253592496532407,427,2048
8765440,6890.224609375,-3.2576747186936275,4279,-2.4137635231018066,0.002413763664662838,26.641564062239386,0.0,-3.2552609550289646,428,2048
8785920,6893.38427734375,-3.2784402659366334,4289,-2.419813632965088,0.002419813768938184,27.03428642688272,0.0,-3.276020452167695,429,2048
8806400,6896.12744140625,-3.323924692367909,4299,-2.4259188175201416,0.002425918821245432,28.286288452058734,0.0,-3.3214987735466637,430,2048
8826880,6898.70263671875,-3.2599859099912387,4309,-2.432046890258789,0.0024320469237864017,27.417054480988895,0.0,-3.2575538630674523,431,2048
8847360,6901.4228515625,-3.296220795090314,4319,-2.438124895095825,0.002438124967738986,27.99991042545535,0.0,-3.293782670122575,432,2048
8867840,6904.5126953125,-3.3341818808469306,4329,-2.4442756175994873,0.0024442756548523903,28.801312755901996,0.0,-3.331737605192078,433,2048
8888320,6906.96630859375,-3.3581159367085545,4339,-2.450606107711792,0.002450606320053339,29.03792882854698,0.0,-3.355665330388501,434,2048
8908800,6909.37109375,-3.343708561707519,4349,-2.457038402557373,0.002457038499414921,28.783444589850433,0.0,-3.341251523208104,435,2048
8929280,6911.8017578125,-3.3112891538158093,4359,-2.463412046432495,0.0024634122382849455,28.288087285822215,0.0,-3.3088257415775244,436,2048
8949760,6914.7255859375,-3.3047717640749994,4369,-2.469733953475952,0.0024697340559214354,28.497520536771642,0.0,-3.302302030019078,437,2048
8970240,6917.69580078125,-3.0551782562477747,4379,-2.475919723510742,0.0024759199004620314,22.677153381893962,0.0,-3.0527023363473127,438,2048
8990720,6921.66943359375,-3.2774229069888197,4389,-2.4814460277557373,0.002481446135789156,27.888552332111665,0.0,-3.2749414608530305,439,2048
9011200,6925.59130859375,-3.318832267318623,4399,-2.4871721267700195,0.0024871721398085356,28.276427451017693,0.0,-3.3163450951788143,440,2048
9031680,6929.181640625,-3.3730787127300115,4409,-2.4932072162628174,0.0024932073429226875,29.79674729408966,0.0,-3.370585505387089,441,2048
9052160,6932.04833984375,-3.379537578886853,4419,-2.499509334564209,0.002499509369954467,30.058656370318737,0.0,-3.3770380695168987,442,2048
9072640,6934.4892578125,-3.3827017133710253,4429,-2.5060434341430664,0.002506043529137969,30.256506980886883,0.0,-3.3801956698418874,443,2048
9093120,6936.96728515625,-3.3422017255572363,4439,-2.512701988220215,0.0025127020198851824,29.729404413492368,0.0,-3.339689023537351,444,2048
9113600,6939.314453125,-3.4027129746567706,4449,-2.519392728805542,0.0025193928740918636,30.938950311175624,0.0,-3.4001935817826787,445,2048
9134080,6941.58837890625,-3.406512945192615,4459,-2.5261716842651367,0.002526171738281846,31.05399641008085,0.0,-3.403986773454333,446,2048
9154560,6944.0283203125,-3.3812569658269886,4469,-2.53288197517395,0.0025328821502625942,30.035027428746524,0.0,-3.378724083676726,447,2048
9175040,6946.4072265625,-3.3907250571843557,4479,-2.539572238922119,0.0025395723059773445,30.822420516164318,0.0,-3.3881854848783783,448,2048
9195520,6948.75634765625,-3.1045692782036287,4489,-2.5461020469665527,0.002546102274209261,23.75280959281595,0.0,-3.1020231759294195,449,2048
9216000,6952.6591796875,-3.3539022456667738,4499,-2.55191969871521,0.0025519197806715965,30.310955070605083,0.0,-3.351350325886102,450,2048
9236480,6956.3935546875,-3.3589854724197457,4509,-2.55790638923645,0.0025579065550118685,30.158097604982103,0.0,-3.356427565864734,451,2048
9256960,6959.3798828125,-3.4217341439331888,4519,-2.5642809867858887,0.002564280992373824,31.71531872171977,0.0,-3.419169862940815,452,2048
9277440,6962.0400390625,-3.471038594117971,4529,-2.57098126411438,0.002570981392636895,32.63543269253855,0.0,-3.468467612725334,453,2048
9297920,6964.33349609375,-3.443092953989219,4539,-2.5779502391815186,0.002577950246632099,32.46813908270897,0.0,-3.440515003742587,454,2048
9318400,6966.5244140625,-3.4744434168696525,4549,-2.5850300788879395,0.002585030160844326,32.75589092289053,0.0,-3.471858386708808,455,2048
9338880,6968.62744140625,-3.412349224976899,4559,-2.5920326709747314,0.00259203277528286,31.23733189426719,0.0,-3.4097571922016163,456,2048
9359360,6970.9599609375,-3.475375751346788,4569,-2.5986433029174805,0.002598643535748124,32.88911273276287,0.0,-3.47277710781104,457,2048
9379840,6974.0927734375,-3.3884991526894748,4579,-2.605012893676758,0.002605013083666563,30.505216341967753,0.0,-3.385894139605808,458,2048
9400320,6977.283203125,-3.487108822639317,4589,-2.611572504043579,0.0026115726213902235,33.81629742038578,0.0,-3.484497250017927,459,2048
9420800,6979.61328125,-3.4948252325591644,4599,-2.618453025817871,0.0026184532325714827,33.43182192682387,0.0,-3.492206779326593,460,2048
9441280,6982.02978515625,-3.5044633593966172,4609,-2.625570058822632,0.0026255701668560505,34.3855749329413,0.0,-3.501837789229761,461,2048
9461760,6984.2236328125,-3.4995368783452196,4619,-2.6328229904174805,0.002632823074236512,33.766509851926514,0.0,-3.496904055270983,462,2048
9482240,6986.3115234375,-3.4603485375660585,4629,-2.64005184173584,0.0026400520000606775,32.530790411959906,0.0,-3.457708485565998,463,2048
9502720,6988.6455078125,-3.4849116111183314,4639,-2.6471705436706543,0.002647170564159751,33.767701890753926,0.0,-3.4822644405541716,464,2048
9523200,6991.19970703125,-3.5095739982858296,4649,-2.6542418003082275,0.0026542418636381626,34.203320291039155,0.0,-3.5069197564221914,465,2048
9543680,6993.8720703125,-3.532203890062684,4659,-2.661433219909668,0.0026614333037286997,34.85048350501587,0.0,-3.5295424567589553,466,2048
9564160,6996.46337890625,-3.3500320810880693,4669,-2.6683480739593506,0.002668348141014576,30.18212305371135,0.0,-3.3473637329470547,467,2048
9584640,6999.923828125,-3.427914836984673,4679,-2.6746156215667725,0.0026746157091110945,32.63536371700551,0.0,-3.425240221275562,468,2048
9605120,7003.66650390625,-3.497528862571354,4689,-2.6809797286987305,0.0026809799019247293,34.0892789452256,0.0,-3.494847882669429,469,2048
9625600,7006.9208984375,-3.469334852583668,4699,-2.687664031982422,0.0026876642368733883,33.69149288429821,0.0,-3.4666471883467946,470,2048
9646080,7010.12646484375,-3.5157350746951477,4709,-2.6946277618408203,0.002694627968594432,34.9940225806455,0.0,-3.5130404467265532,471,2048
9666560,7012.66357421875,-3.558305236856687,4719,-2.7018115520477295,0.0027018117252737284,35.93081990026721,0.0,-3.5556034251314133,472,2048
9687040,7015.01953125,-3.5706503601861432,4729,-2.709146022796631,0.002709146123379469,36.90987523780139,0.0,-3.5679412140627638,473,2048
9707520,7017.4970703125,-3.573482916882429,4739,-2.716618061065674,0.002716618124395609,36.8488518929634,0.0,-3.5707662987580333,474,2048
9728000,7019.6435546875,-3.5860009025828035,4749,-2.724152088165283,0.0027241522911936045,37.68522742216591,0.0,-3.58327675029161,475,2048
9748480,7021.74951171875,-3.4635871727657346,4759,-2.7318315505981445,0.00273183174431324,34.3484715703575,0.0,-3.4608553410214213,476,2048
9768960,7024.7958984375,-3.535948639598246,4769,-2.7384097576141357,0.002738409908488393,35.22249216464972,0.0,-3.5332102296897574,477,2048
9789440,7028.884765625,-3.5329438536564908,4779,-2.7446155548095703,0.002744615776464343,35.70770247375354,0.0,-3.5301992378800264,478,2048
9809920,7031.4580078125,-3.609714560266207,4789,-2.7513463497161865,0.002751346444711089,37.767732941125026,0.0,-3.606963213821496,479,2048
9830400,7033.70263671875,-3.6445939604717017,4799,-2.7587201595306396,0.002758720191195607,39.208844305900804,0.0,-3.641835240280506,480,2048
9850880,7036.22216796875,-3.6223133518039186,4809,-2.7664663791656494,0.0027664664667099714,38.63263528494751,0.0,-3.6195468853372086,481,2048
9871360,7038.14697265625,-3.653339251458663,4819,-2.7743353843688965,0.0027743354439735413,39.589462629071015,0.0,-3.6505649160146896,482,2048
9891840,7040.13525390625,-3.7054938264489587,4829,-2.7823667526245117,0.0027823669370263815,41.231750713935334,0.0,-3.7027114595119324,483,2048
9912320,7041.91162109375,-3.7060585186857757,4839,-2.7905702590942383,0.002790570491924882,41.04925070708271,0.0,-3.703267948193851,484,2048
9932800,7043.828125,-3.3490870605980603,4849,-2.7984468936920166,0.0027984469197690487,29.81124884272597,0.0,-3.3462886136782912,485,2048
9953280,7046.77490234375,-3.613793022052758,4859,-2.805363893508911,0.0028053640853613615,38.60845630788238,0.0,-3.6109876579673967,486,2048
9973760,7049.912109375,-3.6738623442731866,4869,-2.8123326301574707,0.002812332706525922,40.24014234962702,0.0,-3.6710500115666607,487,2048
9994240,7052.83544921875,-3.669543980820197,4879,-2.8193411827087402,0.0028193413745611906,39.947423786645274,0.0,-3.666724639445636,488,2048
10014720,7055.42431640625,-3.6259655180007337,4889,-2.8265061378479004,0.002826506271958351,38.999584203989414,0.0,-3.6231390117287754,489,2048
10035200,7058.251953125,-3.6550273558979858,4899,-2.8339908123016357,0.0028339908458292484,39.894336775260754,0.0,-3.6521933650521565,490,2048
10055680,7060.9580078125,-3.6909329421586374,4909,-2.8417320251464844,0.002841732231900096,40.7475310207864,0.0,-3.6880912099267373,491,2048
10076160,7063.263671875,-3.655741966912669,4919,-2.8496592044830322,0.0028496594168245792,40.40004766581181,0.0,-3.6528923074958444,492,2048
10096640,7065.310546875,-3.615593499820564,4929,-2.857661724090576,0.0028576618060469627,39.01758113863605,0.0,-3.612735838014517,493,2048
10117120,7067.763671875,-3.6948811818160934,4939,-2.865119218826294,0.002865119371563196,41.21957362802326,0.0,-3.69201606244453,494,2048
10137600,7070.9375,-3.715101280763002,4949,-2.872588872909546,0.0028725890442728996,43.10302791369712,0.0,-3.712228691718729,495,2048
10158080,7073.67919921875,-3.7189384799212646,4959,-2.880397319793701,0.0028803974855691195,42.458254413556865,0.0,-3.7160580824356955,496,2048
10178560,7075.87451171875,-3.714544620670928,4969,-2.888237714767456,0.00288823782466352,42.48892517160704,0.0,-3.7116563828462645,497,2048
10199040,7078.39013671875,-3.737711011869613,4979,-2.8957719802856445,0.002895772224292159,43.21519838925859,0.0,-3.7348152396453207,498,2048
10219520,7081.69384765625,-3.689254192716912,4989,-2.9030063152313232,0.0029030065052211285,41.56334161205573,0.0,-3.6863511862116907,499,2048
10240000,7084.67529296875,-3.685079206565451,4999,-2.9104151725769043,0.0029104154091328382,42.04299127794973,0.0,-3.682168791156318,500,2048
10260480,7087.42333984375,-3.7579538646193886,5009,-2.9180805683135986,0.002918080659583211,43.6805437735283,0.0,-3.7550357839598054,501,2048
10280960,7089.6552734375,-3.790998945047925,5019,-2.9261133670806885,0.002926113549619913,45.11940448003956,0.0,-3.788072831498305,502,2048
10301440,7092.06396484375,-3.8031901082156594,5029,-2.93434739112854,0.002934347605332732,46.016373620736374,0.0,-3.8002557606103267,503,2048
10321920,7094.078125,-3.802087960146211,5039,-2.942770004272461,0.002942770253866911,45.61662315312748,0.0,-3.7991451898923443,504,2048
10342400,7096.44140625,-3.3685772785614967,5049,-2.9511301517486572,0.0029511302709579468,31.65572033388638,0.0,-3.3656261482905387,505,2048
10362880,7100.51025390625,-3.364825342943825,5059,-2.956930160522461,0.0029569303151220083,33.36551286111387,0.0,-3.361868412628703,506,2048
10383360,7106.029296875,-3.1849394853059607,5069,-2.9618873596191406,0.002961887512356043,29.71247623821468,0.0,-3.1819775977936047,507,2048
10403840,7111.833984375,-3.4476079121730967,5079,-2.9662394523620605,0.002966239582747221,36.57006230188517,0.0,-3.4446416725903495,508,2048
10424320,7118.45263671875,-3.481732715031466,5089,-2.9708967208862305,0.0029708968941122293,38.552229968467934,0.0,-3.478761818137354,509,2048
10444800,7124.046875,-3.539152865969526,5099,-2.976182460784912,0.0029761826153844595,38.36088488393265,0.0,-3.5361766833541415,510,2048
10465280,7128.203125,-3.7006666509144592,5109,-2.9824798107147217,0.0029824799858033657,43.74519458051603,0.0,-3.697684170928656,511,2048
10485760,7131.3369140625,-3.8115997860904898,5119,-2.9897687435150146,0.0029897689819335938,46.97046662045123,0.0,-3.808610017108556,512,2048
10506240,7134.2802734375,-3.8682729384146186,5129,-2.9978041648864746,0.0029978042002767324,48.813424093748274,0.0,-3.865275134214342,513,2048
10526720,7136.4580078125,-3.842560851903478,5139,-3.0063159465789795,0.0030063160229474306,49.35802243367182,0.0,-3.8395545358805308,514,2048
10547200,7138.5302734375,-3.8989746335034,5149,-3.0150773525238037,0.0030150774400681257,50.08739547007648,0.0,-3.8959595560633318,515,2048
10567680,7140.46484375,-3.8916966327423697,5159,-3.024141788482666,0.003024142002686858,50.311273110348864,0.0,-3.888672490739683,516,2048
10588160,7142.03515625,-3.916103132613367,5169,-3.03338360786438,0.0030333837494254112,50.99758292460599,0.0,-3.9130697488639417,517,2048
10608640,7143.27880859375,-3.9342685971438396,5179,-3.0427029132843018,0.003042703028768301,52.591841584515144,0.0,-3.9312258941150713,518,2048
10629120,7144.6494140625,-3.695437447643564,5189,-3.051957845687866,0.0030519580468535423,42.33161405724903,0.0,-3.6923854895967105,519,2048
10649600,7146.48388671875,-3.816103886778636,5199,-3.0603561401367188,0.0030603562481701374,46.70244107779399,0.0,-3.8130435305304657,520,2048
10670080,7148.71875,-3.8487423616999705,5209,-3.068875312805176,0.0030688755214214325,50.16450872714459,0.0,-3.845673486178549,521,2048
10690560,7150.6962890625,-3.8795192270004932,5219,-3.0777695178985596,0.0030777696520090103,49.395288861634015,0.0,-3.876441457348484,522,2048
10711040,7152.95458984375,-3.9945284717349248,5229,-3.0863003730773926,0.003086300566792488,54.89450837498587,0.0,-3.9914421711681323,523,2048
10731520,7155.26904296875,-3.9409034670900116,5239,-3.0951271057128906,0.0030951271764934063,54.79783906894014,0.0,-3.937808339913518,524,2048
10752000,7157.17236328125,-3.916234933511406,5249,-3.1038646697998047,0.0031038648448884487,53.49849396807425,0.0,-3.9131310686665177,525,2048
10772480,7159.2265625,-3.9786114069347827,5259,-3.1125175952911377,0.003112517762929201,55.543195914771836,0.0,-3.9754988891718535,526,2048
10792960,7160.88232421875,-3.9930227054738916,5269,-3.1216859817504883,0.003121686168015003,55.22390843826099,0.0,-3.9899010193058766,527,2048
10813440,7162.83740234375,-3.9926097985643807,5279,-3.1301827430725098,0.003130182856693864,55.18068974869926,0.0,-3.989479615707687,528,2048
10833920,7165.921875,-3.9378409601651354,5289,-3.1381330490112305,0.003138133091852069,52.59796008721071,0.0,-3.9347028270732833,529,2048
10854400,7168.6103515625,-3.975354765719575,5299,-3.1464195251464844,0.0031464197672903538,55.43917256518131,0.0,-3.972208345952285,530,2048
10874880,7170.70361328125,-3.907406068550413,5309,-3.155200242996216,0.0031552002765238285,53.78372491655665,0.0,-3.904250868273889,531,2048
10895360,7173.123046875,-3.9495106167872462,5319,-3.1637918949127197,0.0031637919601053,53.78601331906498,0.0,-3.946346824827141,532,2048
10915840,7175.68212890625,-3.832421517515539,5329,-3.172508478164673,0.0031725086737424135,49.29930327953093,0.0,-3.8292490088417965,533,2048
10936320,7177.96337890625,-4.0354983030219564,5339,-3.1810998916625977,0.0031811001244932413,57.85640713554412,0.0,-4.032317202897463,534,2048
10956800,7179.7900390625,-3.9072249642201586,5349,-3.190282106399536,0.003190282266587019,51.51150838249198,0.0,-3.9040346819535716,535,2048
10977280,7182.51611328125,-4.011879630999141,5359,-3.198320150375366,0.0031983202788978815,56.975825279928586,0.0,-4.0086813107202435,536,2048
10997760,7185.587890625,-4.022020880536252,5369,-3.206289529800415,0.003206289606168866,57.9772174002643,0.0,-4.018814590930083,537,2048
11018240,7187.8173828125,-4.041971153422837,5379,-3.215047597885132,0.00321504776366055,58.57032250331645,0.0,-4.038756105659177,538,2048
11038720,7190.056640625,-3.959960780608529,5389,-3.2242801189422607,0.003224280197173357,56.88462285082281,0.0,-3.9567365004113557,539,2048
11059200,7192.498046875,-3.9983432409168156,5399,-3.2335572242736816,0.0032335573341697454,56.6797733483706,0.0,-3.995109683582646,540,2048
11079680,7194.7705078125,-3.8147920559865143,5409,-3.242259979248047,0.00324226007796824,48.898272971768826,0.0,-3.811549795908546,541,2048
11100160,7198.17724609375,-3.9395470838864215,5419,-3.2501375675201416,0.003250137669965625,54.20087138234545,0.0,-3.936296946216456,542,2048
11120640,7201.60791015625,-3.87651803554288,5429,-3.2573132514953613,0.003257313510403037,52.92869333612144,0.0,-3.873260722032477,543,2048
11141120,7205.9794921875,-3.9780552744120756,5439,-3.2640130519866943,0.003264013212174177,58.244569026114924,0.0,-3.9747912611999014,544,2048
11161600,7209.6708984375,-3.984075885730034,5449,-3.2717437744140625,0.0032717438880354166,57.24904593599034,0.0,-3.9808041418419986,545,2048
11182080,7212.51025390625,-4.070958908054221,5459,-3.28027081489563,0.003280271077528596,61.4715484523778,0.0,-4.067678636976693,546,2048
11202560,7214.68115234375,-4.010416087713086,5469,-3.2895190715789795,0.0032895193435251713,58.30316884573043,0.0,-4.007126568369561,547,2048
11223040,7218.37646484375,-3.829191552018618,5479,-3.296935796737671,0.0032969359308481216,52.1562229058307,0.0,-3.82589461608777,548,2048
11243520,7223.36328125,-3.73748294448922,5489,-3.3027114868164062,0.0033027115277945995,48.853929812633055,0.0,-3.7341802329614255,549,2048
11264000,7228.46044921875,-3.9545089993308267,5499,-3.3089356422424316,0.0033089357893913984,56.80777724356933,0.0,-3.9512000635414353,550,2048
11284480,7232.7724609375,-3.936334607710788,5509,-3.3162524700164795,0.003316252725198865,59.56230916357636,0.0,-3.933018354985589,551,2048
11304960,7235.66796875,-4.08817757130853,5519,-3.324707269668579,0.003324707504361868,63.856679334916294,0.0,-4.084852863804168,552,2048
11325440,7238.365234375,-4.098440331761161,5529,-3.333941698074341,0.003333941800519824,63.998598373303054,0.0,-4.095106389960641,553,2048
11345920,7241.1201171875,-4.016532899572342,5539,-3.3429811000823975,0.003342981217429042,58.12242735245701,0.0,-4.013189918354913,554,2048
11366400,7244.1640625,-4.038249797246408,5549,-3.351494073867798,0.0033514942042529583,59.90163244271412,0.0,-4.034898303042155,555,2048
11386880,7247.06982421875,-4.171782924310078,5559,-3.3604350090026855,0.0033604351337999105,66.78478554673721,0.0,-4.168422489176278,556,2048
11407360,7249.25048828125,-4.209427652450722,5569,-3.369990110397339,0.0033699902705848217,69.27151129617718,0.0,-4.206057662180137,557,2048
11427840,7251.81494140625,-4.066960308018794,5579,-3.378756523132324,0.0033787565771490335,60.678152750302665,0.0,-4.063581551441645,558,2048
11448320,7255.74755859375,-4.012931891568323,5589,-3.3857920169830322,0.003385792253538966,61.07481878384848,0.0,-4.009546099314784,559,2048
11468800,7259.462890625,-4.058496274462545,5599,-3.3928098678588867,0.0033928100019693375,62.590607788849866,0.0,-4.055103464460576,560,2048
11489280,7262.662109375,-4.172819262881769,5609,-3.4009084701538086,0.00340090855024755,67.76091301235098,0.0,-4.169418354331522,561,2048
11509760,7265.20947265625,-4.25131210625122,5619,-3.410022258758545,0.003410022472962737,72.24500042883972,0.0,-4.247902083778257,562,2048
11530240,7267.658203125,-4.255571020690906,5629,-3.4198546409606934,0.00341985491104424,73.1107761527958,0.0,-4.252151165779861,563,2048
11550720,7269.96337890625,-4.193410610907558,5639,-3.430133104324341,0.00343013321980834,72.94620811982331,0.0,-4.18998047768775,564,2048
11571200,7271.59423828125,-4.3160380164487036,5649,-3.440563917160034,0.0034405640326440334,76.24957336857688,0.0,-4.3125974524160595,565,2048
11591680,7273.12451171875,-4.311790796743068,5659,-3.4514124393463135,0.003451412543654442,78.95617848799125,0.0,-4.308339384199414,566,2048
11612160,7274.7958984375,-2.1067663478427052,5669,-3.461918592453003,0.003461918793618679,14.056887955565092,0.0,-2.1033044290490865,567,2048
11632640,7282.3837890625,-3.3464402403101055,5679,-3.4620065689086914,0.00346200680360198,44.40034346443513,0.0,-3.3429782335065035,568,2048
11653120,7290.17529296875,-3.556262564782072,5689,-3.46203351020813,0.0034620335791260004,51.08370775884711,0.0,-3.552800531202946,569,2048
11673600,7295.5888671875,-3.913906323297076,5699,-3.4645931720733643,0.003464593319222331,60.474706874625056,0.0,-3.9104417299778538,570,2048
11694080,7300.1728515625,-4.109227285020881,5709,-3.4698445796966553,0.003469844814389944,67.27587866317589,0.0,-4.105757440206491,571,2048
11714560,7303.8642578125,-4.2087753472225575,5719,-3.4770519733428955,0.0034770520869642496,71.82995568322391,0.0,-4.205298295135593,572,2048
11735040,7306.6064453125,-4.306555544041558,5729,-3.4859304428100586,0.0034859306178987026,76.80971160913889,0.0,-4.303069613423659,573,2048
11755520,7309.16015625,-4.308052857658987,5739,-3.4959888458251953,0.00349598890170455,78.56180590491394,0.0,-4.304556868757283,574,2048
11776000,7311.11474609375,-4.378040912128513,5749,-3.506845474243164,0.003506845561787486,83.1142790301136,0.0,-4.374534066566725,575,2048
11796480,7312.53076171875,-4.383793020144504,5759,-3.518218755722046,0.0035182188730686903,84.48317027294324,0.0,-4.380274801271435,576,2048
11816960,7313.52978515625,-4.413897272787745,5769,-3.5298709869384766,0.003529871115460992,85.86573343935152,0.0,-4.410367401672284,577,2048
11837440,7314.6923828125,-4.407437695255256,5779,-3.5416061878204346,0.003541606245562434,83.1972294974147,0.0,-4.403896089009693,578,2048
11857920,7316.1513671875,-4.126037248855361,5789,-3.552318811416626,0.0035523190163075924,64.50794904426239,0.0,-4.122484929839054,579,2048
11878400,7318.77978515625,-4.041799030442705,5799,-3.5615971088409424,0.003561597317457199,61.75619415948402,0.0,-4.038237433125248,580,2048
11898880,7321.2890625,-4.304406673874192,5809,-3.5707850456237793,0.003570785280317068,76.96735564046949,0.0,-4.300835888593875,581,2048
11919360,7323.93603515625,-4.358588259504293,5819,-3.580413341522217,0.0035804135259240866,83.98697514474281,0.0,-4.355007845978369,582,2048
11939840,7325.814453125,-4.437024676629468,5829,-3.590954303741455,0.003590954467654228,87.67384616359547,0.0,-4.433433722161814,583,2048
11960320,7327.40087890625,-4.067135575522917,5839,-3.6020829677581787,0.0036020830739289522,64.00015335752018,0.0,-4.063533492448988,584,2048
11980800,7330.939453125,-3.7798551151821305,5849,-3.608476400375366,0.0036084766034036875,53.70806187106083,0.0,-3.7762466385787268,585,2048
12001280,7335.81787109375,-4.331069545801378,5859,-3.613741159439087,0.0036137413699179888,80.42802119139287,0.0,-4.32745580443146,586,2048
12021760,7340.0634765625,-4.147000741635645,5869,-3.6214168071746826,0.0036214168649166822,76.78932839759801,0.0,-4.143379324770728,587,2048
12042240,7343.08251953125,-4.348649898596694,5879,-3.630333423614502,0.0036303335800766945,81.17109117491037,0.0,-4.345019565016617,588,2048
12062720,7345.169921875,-4.464485133627662,5889,-3.6402225494384766,0.003640222828835249,89.19022402333499,0.0,-4.460844910798826,589,2048
12083200,7347.5537109375,-4.321529357164993,5899,-3.6507129669189453,0.0036507132463157177,82.97978786394634,0.0,-4.317878643918677,590,2048
12103680,7349.859375,-4.431706328937499,5909,-3.6612515449523926,0.003661251626908779,89.4273205965835,0.0,-4.42804507731059,591,2048
12124160,7352.05322265625,-4.036707394387181,5919,-3.6715269088745117,0.0036715271417051554,62.57540246709358,0.0,-4.033035867245476,592,2048
12144640,7355.88818359375,-4.44714586713644,5929,-3.6791481971740723,0.0036791483871638775,89.80957311611468,0.0,-4.443466718749276,593,2048
12165120,7359.6103515625,-4.357816578855235,5939,-3.6870970726013184,0.0036870972253382206,87.25055586719057,0.0,-4.354129481629897,594,2048
12185600,7362.7744140625,-4.328338833997839,5949,-3.695861339569092,0.0036958614364266396,84.47218565895272,0.0,-4.324642972561413,595,2048
12206080,7365.302734375,-3.3414451618237937,5959,-3.704070568084717,0.0037040708120912313,41.09524891125395,0.0,-3.3377410910117025,596,2048
12226560,7370.5625,-4.264828069140528,5969,-3.708252429962158,0.0037082526832818985,80.88672467846652,0.0,-4.261119816457246,597,2048
12247040,7375.30224609375,-4.354697113307948,5979,-3.7139663696289062,0.003713966580107808,87.07929575149834,0.0,-4.35098314672784,598,2048
12267520,7378.826171875,-4.335962336782815,5989,-3.7216711044311523,0.0037216711789369583,89.68452882310072,0.0,-4.332240665603878,599,2048
12288000,7382.39794921875,-4.41190842544198,5999,-3.7307586669921875,0.0037307587917894125,89.94063446624239,0.0,-4.40817766665019,600,2048
