bc/loss,bc/entropy,bc/l2_norm,bc/neglogp,bc/epoch,batch_size,bc/prob_true_act,bc/ent_loss,bc/batch,bc/samples_so_far,bc/l2_loss
2.0907359942716686,2.8343873023986816,443.1573181152344,2.093570381628084,1,2048,0.13086062241906155,-0.002834387356415391,10,22528,0.0
2.0565024988416063,2.818310260772705,465.7866516113281,2.0593208092420774,2,2048,0.13084702632732462,-0.0028183104004710913,21,45056,0.0
2.0094585746734275,2.7982068061828613,477.4078674316406,2.012256781544803,3,2048,0.1387118225379212,-0.0027982068713754416,32,67584,0.0
1.9420924566563442,2.7766079902648926,484.1517028808594,1.9448690647602305,4,2048,0.14721030947698865,-0.0027766081038862467,43,90112,0.0
1.8553851066136247,2.753729820251465,489.8260498046875,1.8581388365456348,5,2048,0.1574611302531735,-0.002753729932010174,54,112640,0.0
1.8233064268600319,2.7300004959106445,494.13494873046875,1.8260364273913328,6,2048,0.1624412540776869,-0.0027300005313009024,65,135168,0.0
1.78432973734495,2.7061033248901367,498.3873291015625,1.7870358408374782,7,2048,0.16858934418900223,-0.0027061034925282,76,157696,0.0
1.7607378808199026,2.6822726726531982,502.8756408691406,1.7634201536303915,8,2048,0.1726299219018158,-0.0026822728104889393,87,180224,0.0
1.7406647680773775,2.6585793495178223,507.7334899902344,1.743323347575907,9,2048,0.17635013584914927,-0.002658579498529434,98,202752,0.0
1.711406704363475,2.6350388526916504,513.4913940429688,1.7140417432869473,10,2048,0.18152596006044636,-0.002635038923472166,109,225280,0.0
1.6892086470934897,2.6116433143615723,518.9531860351562,1.6918202904953956,11,2048,0.18576256840765126,-0.0026116434019058943,120,247808,0.0
1.6647440503513056,2.588369846343994,524.6569213867188,1.6673324202349025,12,2048,0.19045208149468604,-0.002588369883596897,131,270336,0.0
1.642161236345244,2.565244197845459,530.9027709960938,1.6447264805579906,13,2048,0.19473932689102655,-0.00256524421274662,142,292864,0.0
1.6218506783346174,2.5422353744506836,537.3966064453125,1.6243929137574968,14,2048,0.19858080960156824,-0.0025422354228794575,153,315392,0.0
1.5999545517915734,2.5193493366241455,544.2685546875,1.6024739013591656,15,2048,0.2032970990313585,-0.002519349567592144,164,337920,0.0
1.5790528866214897,2.4965333938598633,552.03759765625,1.5815494201829876,16,2048,0.2078540853035954,-0.0024965335614979267,175,360448,0.0
1.5566156020668747,2.4737844467163086,559.8754272460938,1.5590893866775037,17,2048,0.2124990835307095,-0.0024737846106290817,186,382976,0.0
1.5310923162042096,2.4510769844055176,568.3760375976562,1.5335433933078244,18,2048,0.21779664007122296,-0.002451077103614807,197,405504,0.0
1.5149493622590666,2.4284284114837646,577.3544311523438,1.51737779076182,19,2048,0.22133450384196343,-0.002428428502753377,208,428032,0.0
1.4943257358318063,2.405867099761963,587.2515869140625,1.4967316030451896,20,2048,0.22626962668074377,-0.002405867213383317,219,450560,0.0
1.4732115320669488,2.383371114730835,597.2532958984375,1.4755949031835423,21,2048,0.2316810806979423,-0.00238337111659348,230,473088,0.0
1.4470050253908862,2.3609390258789062,607.7633666992188,1.4493659644391168,22,2048,0.237798711410586,-0.002360939048230648,241,495616,0.0
1.4259278530508401,2.338550567626953,618.3526000976562,1.428266403802869,23,2048,0.24240734791908136,-0.002338550752028823,252,518144,0.0
1.4116936479751399,2.3162174224853516,629.7136840820312,1.4140098656118294,24,2048,0.24619859208721656,-0.0023162176366895437,263,540672,0.0
1.3877195909390463,2.2939505577087402,640.8882446289062,1.3900135415842994,25,2048,0.25261558353184155,-0.0022939506452530622,274,563200,0.0
1.3627206937584315,2.2717204093933105,653.232177734375,1.3649924141994898,26,2048,0.2587160426187395,-0.002271720441058278,285,585728,0.0
1.3430087980093885,2.2494966983795166,666.1392211914062,1.34525829476551,27,2048,0.2640848744348244,-0.0022494967561215162,296,608256,0.0
1.323558789494592,2.2273178100585938,679.2792358398438,1.325786107502091,28,2048,0.2695692343787397,-0.0022273180074989796,307,630784,0.0
1.3010665609153174,2.2051732540130615,693.7247314453125,1.3032717341674678,29,2048,0.27543868987622244,-0.0022051732521504164,318,653312,0.0
1.2810868099785762,2.183084011077881,708.42529296875,1.2832698941219018,30,2048,0.28154527150417663,-0.0021830841433256865,329,675840,0.0
1.262200170143378,2.1610424518585205,723.5511474609375,1.2643612126753303,31,2048,0.2867903058476679,-0.002161042531952262,340,698368,0.0
1.2394040845988812,2.1390023231506348,738.4993286132812,1.2415430869164439,32,2048,0.29365696666103513,-0.0021390023175626993,351,720896,0.0
1.213420587894144,2.1170265674591064,754.535888671875,1.2155376144914054,33,2048,0.3007688861041805,-0.002117026597261429,362,743424,0.0
1.1906190419768605,2.095038652420044,770.64208984375,1.1927140807466272,34,2048,0.3078883944901938,-0.0020950387697666883,373,765952,0.0
1.1811430933549452,2.0730605125427246,787.8003540039062,1.1832161540761041,35,2048,0.31238470219585657,-0.0020730607211589813,384,788480,0.0
1.1579052257229625,2.0511739253997803,804.8855590820312,1.159956399665126,36,2048,0.3190145838312335,-0.0020511739421635866,395,811008,0.0
1.1282352732158234,2.029358386993408,822.6122436523438,1.1302646316251685,37,2048,0.3273199254948381,-0.00202935840934515,406,833536,0.0
1.1275914200286459,2.0075066089630127,839.7911987304688,1.1295989268164228,38,2048,0.3303153933951184,-0.002007506787776947,417,856064,0.0
1.096826255686544,1.9856841564178467,857.2460327148438,1.0988119399565832,39,2048,0.3394443780812285,-0.0019856842700392008,428,878592,0.0
1.0780826393620877,1.9638701677322388,875.8628540039062,1.080046509729123,40,2048,0.34594931591315764,-0.0019638703670352697,439,901120,0.0
1.0668534868845505,1.9420793056488037,894.7127075195312,1.0687955662824002,41,2048,0.3504854553722171,-0.0019420793978497386,450,923648,0.0
1.041344259045376,1.9203215837478638,913.2058715820312,1.0432645807688223,42,2048,0.35996204931440867,-0.00192032172344625,461,946176,0.0
1.0232697821066739,1.898611307144165,932.4058837890625,1.0251683935367526,43,2048,0.36622885551599127,-0.0018986114300787449,472,968704,0.0
0.9949262492321073,1.876918077468872,952.0447387695312,0.9968031673654555,44,2048,0.3762479589500075,-0.0018769181333482265,483,991232,0.0
0.9738877474224061,1.8552451133728027,971.0730590820312,0.9757429926317052,45,2048,0.3848923597269861,-0.001855245209299028,494,1013760,0.0
0.9625871617742054,1.8335814476013184,989.7977294921875,0.9644207432562657,46,2048,0.3915780571223062,-0.0018335814820602536,505,1036288,0.0
0.9297944376030305,1.8119497299194336,1009.6485595703125,0.9316063873720655,47,2048,0.402986412853076,-0.0018119497690349817,516,1058816,0.0
0.9108795128732314,1.790318250656128,1029.324951171875,0.9126698311620718,48,2048,0.4093327798152861,-0.0017903182888403535,527,1081344,0.0
0.8965803230006697,1.7686861753463745,1049.937255859375,0.8983490092272388,49,2048,0.417328689941929,-0.0017686862265691161,538,1103872,0.0
0.8811910159959713,1.747096061706543,1071.856689453125,0.8829381121862003,50,2048,0.4231506750425486,-0.0017470961902290583,549,1126400,0.0
0.8529413797610657,1.7255403995513916,1094.0501708984375,0.8546669202574746,51,2048,0.43590832942920066,-0.0017255404964089394,560,1148928,0.0
0.8330040094225978,1.7039333581924438,1115.685791015625,0.8347079428860297,52,2048,0.44462302706530044,-0.0017039334634318948,571,1171456,0.0
0.8095769986458753,1.6823880672454834,1137.8983154296875,0.8112593867764507,53,2048,0.45596154621085516,-0.0016823881305754185,582,1193984,0.0
0.7898180405177405,1.6608290672302246,1159.8052978515625,0.7914788696948668,54,2048,0.46473721269327517,-0.0016608291771262884,593,1216512,0.0
0.7631814722941593,1.6392319202423096,1182.4676513671875,0.7648207043336109,55,2048,0.47690228903321114,-0.0016392320394515991,604,1239040,0.0
0.7440053728353133,1.6176562309265137,1204.895751953125,0.7456230291575094,56,2048,0.48450245874847514,-0.001617656322196126,615,1261568,0.0
0.7231025640228411,1.5960955619812012,1228.2147216796875,0.7246986596453583,57,2048,0.4958220025240032,-0.0015960956225171685,626,1284096,0.0
0.7104029205230575,1.5745141506195068,1252.414794921875,0.7119774347239685,58,2048,0.5045752943085676,-0.0015745142009109259,637,1306624,0.0
0.6900731625298548,1.5530164241790771,1277.060546875,0.6916261790117759,59,2048,0.5148444568275581,-0.0015530164819210768,648,1329152,0.0
0.6591167724760618,1.5316295623779297,1301.478515625,0.6606484020663794,60,2048,0.5276820108527139,-0.001531629590317607,659,1351680,0.0
0.6398339061620623,1.5101882219314575,1329.1624755859375,0.6413440944948211,61,2048,0.5394230379654564,-0.001510188332758844,670,1374208,0.0
0.6197643686702203,1.4886581897735596,1354.17626953125,0.6212530269205299,62,2048,0.5503284830815617,-0.001488658250309527,681,1396736,0.0
0.6289067816770728,1.4671530723571777,1377.515625,0.6303739348742272,63,2048,0.5491115680147073,-0.0014671531971544027,692,1419264,0.0
0.5773110841176324,1.445831298828125,1400.34912109375,0.5787569154993483,64,2048,0.5737317016521328,-0.0014458313817158341,703,1441792,0.0
0.5536628090989689,1.424399971961975,1422.4698486328125,0.5550872091184283,65,2048,0.5881111097887032,-0.0014244000194594264,714,1464320,0.0
0.5314683787293679,1.4028551578521729,1444.591064453125,0.5328712339980475,66,2048,0.6028379356273528,-0.0014028552686795592,725,1486848,0.0
0.5243935938146358,1.3812334537506104,1466.483154296875,0.5257748273820078,67,2048,0.6087407961882857,-0.0013812335673719645,736,1509376,0.0
0.488447481347323,1.3596289157867432,1489.2357177734375,0.4898071103264397,68,2048,0.6270348439990899,-0.0013596289791166782,747,1531904,0.0
0.4789860339763784,1.3380080461502075,1511.7757568359375,0.48032404206909474,69,2048,0.6350813073724144,-0.0013380080927163363,758,1554432,0.0
0.45822493321605917,1.3164749145507812,1534.5140380859375,0.4595414081995278,70,2048,0.6499161781639824,-0.0013164749834686518,769,1576960,0.0
0.4378520045252036,1.295055866241455,1556.7891845703125,0.43914706048644,71,2048,0.663269291323732,-0.0012950559612363577,780,1599488,0.0
0.4400362024860685,1.2736444473266602,1580.0673828125,0.4413098469920685,72,2048,0.6628573794302133,-0.0012736445059999824,791,1622016,0.0
0.3852271282774532,1.2522690296173096,1602.79833984375,0.3864793974169666,73,2048,0.6983682562624858,-0.0012522691395133734,802,1644544,0.0
0.37859346761456136,1.2307512760162354,1625.9833984375,0.3798242188952342,74,2048,0.7044805988193603,-0.0012307512806728482,813,1667072,0.0
0.34721385962939166,1.2091922760009766,1648.2320556640625,0.3484230519566154,75,2048,0.72304827502874,-0.0012091923272237182,824,1689600,0.0
0.32017595852182756,1.187640905380249,1670.0965576171875,0.32136359946259807,76,2048,0.744394733069717,-0.0011876409407705069,835,1712128,0.0
0.30053853982977063,1.1660664081573486,1692.89111328125,0.3017046063338542,77,2048,0.7571359138098176,-0.0011660665040835738,846,1734656,0.0
0.2852890998426954,1.1444385051727295,1715.676513671875,0.286433538359044,78,2048,0.7715991369543892,-0.0011444385163486004,857,1757184,0.0
0.2569622422449067,1.1227970123291016,1738.33642578125,0.258085039269343,79,2048,0.7896450220501607,-0.001122797024436295,868,1779712,0.0
0.22634472600281624,1.1011226177215576,1760.809326171875,0.22744584870621948,80,2048,0.8143388243210387,-0.0011011227034032345,879,1802240,0.0
0.23347084030280518,1.07942795753479,1782.9144287109375,0.23455026831249404,81,2048,0.8161903976303182,-0.0010794280096888542,890,1824768,0.0
0.20508302911323775,1.05782151222229,1805.565185546875,0.20614085067202617,82,2048,0.8365520626640459,-0.0010578215587884188,901,1847296,0.0
0.1758028146823164,1.03623366355896,1827.72119140625,0.17683904841665588,83,2048,0.8602765754737354,-0.0010362337343394756,912,1869824,0.0
0.17898869743925533,1.0146327018737793,1851.1588134765625,0.1800033301942145,84,2048,0.8622224385704962,-0.001014632754959166,923,1892352,0.0
0.13592023387464872,0.9932346343994141,1873.6788330078125,0.13691346856213352,85,2048,0.8938087908206187,-0.0009932346874848008,934,1914880,0.0
0.11139349036575592,0.9717540740966797,1895.2548828125,0.11236524450551084,86,2048,0.9140100125353509,-0.0009717541397549212,945,1937408,0.0
0.09619102085716177,0.950360119342804,1917.0814208984375,0.0971413810039786,87,2048,0.9307205026576074,-0.0009503601468168199,956,1959936,0.0
0.07892371912591424,0.9289666414260864,1938.16259765625,0.07985268580366191,88,2048,0.9480704537732272,-0.0009289666777476668,967,1982464,0.0
0.04444546753460508,0.9073876142501831,1958.4124755859375,0.0453528551772606,89,2048,0.9801568671343885,-0.0009073876426555216,978,2004992,0.0
0.010326008730446729,0.8856489658355713,1978.3883056640625,0.01121165773260388,90,2048,1.006940115976853,-0.0008856490021571517,989,2027520,0.0
0.019201725552984782,0.8638463020324707,1997.8568115234375,0.02006557188621656,91,2048,1.001776850547452,-0.000863846333231777,1000,2050048,0.0
-0.000326576408380553,0.8422180414199829,2016.5863037109375,0.000515641646077946,92,2048,1.0235078055878768,-0.000842218054458499,1011,2072576,0.0
-0.014006933417411525,0.8208539485931396,2035.587890625,-0.013186079437153417,93,2048,1.0473463972181325,-0.0008208539802581072,1022,2095104,0.0
-0.06192766828861629,0.7996416091918945,2054.07421875,-0.06112802663518657,94,2048,1.0870660115502764,-0.0007996416534297168,1033,2117632,0.0
-0.08135543864449662,0.7781213521957397,2072.342041015625,-0.08057731723642153,95,2048,1.1115882321745048,-0.0007781214080750942,1044,2140160,0.0
-0.11756881894313584,0.756294846534729,2090.35693359375,-0.1168125240691271,96,2048,1.1471794590886257,-0.000756294874008745,1055,2162688,0.0
-0.14096694140737853,0.7343043088912964,2107.750244140625,-0.14023263703841693,97,2048,1.1764766001700013,-0.0007343043689616024,1066,2185216,0.0
-0.14491444809868276,0.7123194932937622,2124.768310546875,-0.1442021285886252,98,2048,1.181326625526046,-0.0007123195100575686,1077,2207744,0.0
-0.17006147226952306,0.6904882192611694,2142.035888671875,-0.16937098400835238,99,2048,1.2148166720061524,-0.0006904882611706853,1088,2230272,0.0
-0.1764850652864321,0.6687979698181152,2159.98583984375,-0.17581626729519356,100,2048,1.2238860628686195,-0.0006687979912385345,1099,2252800,0.0
-0.20829744102539471,0.6471437215805054,2177.61865234375,-0.20765029727354622,101,2048,1.2613710278639023,-0.000647143751848489,1110,2275328,0.0
-0.23639934862485953,0.6254076957702637,2194.966552734375,-0.23577394089416467,102,2048,1.2961026207420066,-0.0006254077306948602,1121,2297856,0.0
-0.25980771529488633,0.6035711765289307,2211.934814453125,-0.2592041441099755,103,2048,1.3271251181821055,-0.0006035711849108338,1132,2320384,0.0
-0.2643883007357152,0.5818079710006714,2227.981201171875,-0.2638064927549356,104,2048,1.3342856544952952,-0.0005818079807795584,1143,2342912,0.0
-0.30568627493668094,0.5601963996887207,2244.591796875,-0.305126078529076,105,2048,1.3872790826954968,-0.0005601964076049626,1154,2365440,0.0
-0.32670277496846456,0.538406491279602,2260.442138671875,-0.32616436842409957,106,2048,1.4116266513130642,-0.0005384065443649888,1165,2387968,0.0
-0.3545208929133844,0.5165097713470459,2275.9833984375,-0.3540043831015248,107,2048,1.4511099601103932,-0.0005165098118595779,1176,2410496,0.0
-0.3841536607005293,0.49445903301239014,2290.843505859375,-0.3836592016386459,108,2048,1.4984688836422047,-0.00049445906188339,1187,2433024,0.0
-0.36255798658271593,0.47239911556243896,2305.630126953125,-0.3620855874385153,109,2048,1.4751543412617805,-0.00047239914420060813,1198,2455552,0.0
-0.42558238632027656,0.45063281059265137,2321.37744140625,-0.4251317534943171,110,2048,1.5580981151160573,-0.00045063282595947385,1209,2478080,0.0
-0.4497732375595407,0.4286379814147949,2336.189208984375,-0.44934459954599526,111,2048,1.592526009703614,-0.00042863801354542375,1220,2500608,0.0
-0.44578891411991295,0.40647780895233154,2350.332763671875,-0.44538243628674623,112,2048,1.5967382834373143,-0.0004064778331667185,1231,2523136,0.0
-0.470095268672587,0.38453173637390137,2365.04736328125,-0.46971073693202214,113,2048,1.6363382679990992,-0.00038453174056485295,1242,2545664,0.0
-0.47229003194938535,0.3629680871963501,2380.436767578125,-0.47192706384798633,114,2048,1.6553674574278296,-0.00036296810139901936,1253,2568192,0.0
-0.5235471343511149,0.3414626121520996,2395.16064453125,-0.5232056717103246,115,2048,1.7258117796329597,-0.0003414626407902688,1264,2590720,0.0
-0.5326290989658042,0.3196587562561035,2408.605224609375,-0.5323094401871964,116,2048,1.7329130353692286,-0.0003196587786078453,1275,2613248,0.0
-0.5444699438418799,0.29781055450439453,2422.7138671875,-0.544172133279692,117,2048,1.767088092359367,-0.00029781056218780577,1286,2635776,0.0
-0.5945863783414455,0.27617383003234863,2437.455078125,-0.5943102044981418,118,2048,1.848276638663255,-0.0002761738433036953,1297,2658304,0.0
-0.5959098677565391,0.25442588329315186,2451.780029296875,-0.5956554418669595,119,2048,1.8572965952578857,-0.00025442588957957923,1308,2680832,0.0
-0.5989617001260688,0.23253023624420166,2465.04443359375,-0.5987291698776009,120,2048,1.8611975240552998,-0.00023253024846781045,1319,2703360,0.0
-0.6005160052219259,0.21083509922027588,2478.53466796875,-0.6003051701182819,121,2048,1.876889980183069,-0.0002108351036440581,1330,2725888,0.0
-0.6103228580872324,0.18975579738616943,2492.33056640625,-0.6101331022768077,122,2048,1.9009576602995437,-0.00018975581042468548,1341,2748416,0.0
-0.6801102722851755,0.16877520084381104,2506.07177734375,-0.6799414970768811,123,2048,2.017970789362081,-0.00016877520829439163,1352,2770944,0.0
-0.6984809268941677,0.14727580547332764,2519.654052734375,-0.6983336510783335,124,2048,2.0493300595625095,-0.00014727581583429128,1363,2793472,0.0
-0.7525698665766326,0.12541091442108154,2532.6171875,-0.7524444556537132,125,2048,2.157248473295133,-0.00012541092291940004,1374,2816000,0.0
-0.7595320390447053,0.10320353507995605,2544.7451171875,-0.7594288355013017,126,2048,2.1723702829380276,-0.00010320354340365157,1385,2838528,0.0
-0.786016466034833,0.08120155334472656,2556.91259765625,-0.7859352644779376,127,2048,2.233046201328198,-8.120155689539388e-05,1396,2861056,0.0
-0.8252429324541977,0.05915367603302002,2568.747802734375,-0.8251837787769132,128,2048,2.323074385288834,-5.915367728448473e-05,1407,2883584,0.0
-0.823186462948545,0.037029266357421875,2579.78759765625,-0.8231494336793936,129,2048,2.3240016739917477,-3.70292691513896e-05,1418,2906112,0.0
-0.8563958863582317,0.015017867088317871,2591.136962890625,-0.8563808684906777,130,2048,2.393616531727865,-1.5017867553979158e-05,1429,2928640,0.0
-0.8802986776962427,-0.006909847259521484,2602.658447265625,-0.8803055875440406,131,2048,2.4667497142374337,6.909847797942348e-06,1440,2951168,0.0
-0.8556348580525578,-0.02886831760406494,2613.191650390625,-0.8556637263711805,132,2048,2.412564329583887,2.8868318622699007e-05,1451,2973696,0.0
-0.9168745146344657,-0.05053222179412842,2624.986328125,-0.9169250468585881,133,2048,2.5527116956009968,5.0532224122434855e-05,1462,2996224,0.0
-0.9476268350731656,-0.07224524021148682,2637.219970703125,-0.9476990803191396,134,2048,2.626846993639514,7.224524597404525e-05,1473,3018752,0.0
-0.9731729296663449,-0.0941472053527832,2648.132080078125,-0.9732670768762379,135,2048,2.6932710118843968,9.414720989298075e-05,1484,3041280,0.0
-0.871590885294447,-0.11614120006561279,2658.438232421875,-0.8717070265018467,136,2048,2.455120088062783,0.00011614120739977807,1495,3063808,0.0
-0.9699547805592764,-0.13768291473388672,2669.486328125,-0.9700924634761058,137,2048,2.7172958837578083,0.0001376829168293625,1506,3086336,0.0
-0.9296147316514323,-0.1590961217880249,2681.231201171875,-0.9297738277842797,138,2048,2.618027128485892,0.00015909613284748048,1517,3108864,0.0
-1.0304295659856408,-0.18007469177246094,2693.74755859375,-1.0306096406833505,139,2048,2.8608295384829123,0.00018007469770964235,1528,3131392,0.0
-1.0451038145677858,-0.20147216320037842,2704.539794921875,-1.0453052867363413,140,2048,2.9167477996482445,0.00020147216855548322,1539,3153920,0.0
-1.1087098628181633,-0.2232365608215332,2714.437255859375,-1.1089330993841071,141,2048,3.0898270820459555,0.00022323656594380736,1550,3176448,0.0
-1.133261124213817,-0.24544823169708252,2723.226806640625,-1.1335065724448157,142,2048,3.1629894316344567,0.0002454482309985906,1561,3198976,0.0
-1.0878167946767618,-0.2678089141845703,2731.84326171875,-1.088084603613531,143,2048,3.0492810976636986,0.00026780893676914275,1572,3221504,0.0
-1.1758251424337187,-0.28983938694000244,2741.681884765625,-1.1761149818350942,144,2048,3.287719456504388,0.00028983940137550235,1583,3244032,0.0
-1.1457858328384298,-0.3114168643951416,2751.87353515625,-1.1460972497032906,145,2048,3.2206066916366254,0.0003114168648608029,1594,3266560,0.0
-1.1505402760764718,-0.3327956199645996,2762.93896484375,-1.1508730717129674,146,2048,3.2708161327367615,0.0003327956364955753,1605,3289088,0.0
-1.1282091301238175,-0.35373854637145996,2775.662841796875,-1.128562868672983,147,2048,3.1992417543350915,0.0003537385491654277,1616,3311616,0.0
-1.1839845802723286,-0.3743619918823242,2788.354248046875,-1.1843589422905207,148,2048,3.3871466909991548,0.00037436201819218695,1627,3334144,0.0
-1.241863738284191,-0.39537227153778076,2799.116943359375,-1.2422591105613168,149,2048,3.542170805529497,0.0003953722771257162,1638,3356672,0.0
-1.290339248115108,-0.4169197082519531,2807.74951171875,-1.2907561678496697,150,2048,3.693302512653129,0.00041691973456181586,1649,3379200,0.0
-1.2996078171944014,-0.43864715099334717,2816.43310546875,-1.300046464364487,151,2048,3.7533140433151946,0.00043864717008545995,1660,3401728,0.0
-1.2837046122830735,-0.46018028259277344,2825.269287109375,-1.2841647925915105,152,2048,3.708518271105315,0.0004601803084369749,1671,3424256,0.0
-1.3297691438538026,-0.48154520988464355,2833.619384765625,-1.330250689080451,153,2048,3.9019900938567966,0.0004815452266484499,1682,3446784,0.0
-1.350819230221723,-0.5030337572097778,2842.492919921875,-1.3513222640287585,154,2048,3.9407420716087036,0.0005030338070355356,1693,3469312,0.0
-1.3630182815011551,-0.5246082544326782,2851.681640625,-1.3635428898030852,155,2048,4.033993653764286,0.0005246083019301295,1704,3491840,0.0
-1.4071170789045353,-0.5459886789321899,2860.9033203125,-1.4076630676370185,156,2048,4.178718547789414,0.000545988732483238,1715,3514368,0.0
-1.4151958004886613,-0.567488431930542,2869.506591796875,-1.415763288919195,157,2048,4.213548707474673,0.0005674884305335581,1726,3536896,0.0
-1.4245784972343907,-0.5890707969665527,2877.94189453125,-1.4251675680760607,158,2048,4.252527069373077,0.0005890708416700363,1737,3559424,0.0
-1.4536563573886316,-0.6103814840316772,2886.616455078125,-1.454266738928077,159,2048,4.393628993738066,0.0006103815394453704,1748,3581952,0.0
-1.4831652154080708,-0.6320438385009766,2894.6220703125,-1.483797259277771,160,2048,4.5292607711356325,0.0006320438697002828,1759,3604480,0.0
-1.4147362622134623,-0.6531505584716797,2902.4482421875,-1.415389412821294,161,2048,4.243415637116372,0.0006531506078317761,1770,3627008,0.0
-1.4185620786675635,-0.6717894077301025,2912.1083984375,-1.4192338681251193,162,2048,4.3477901791661075,0.0006717894575558603,1781,3649536,0.0
-1.3539332856260489,-0.6884198188781738,2926.71337890625,-1.354621705477989,163,2048,4.137697846820489,0.0006884198519401252,1792,3672064,0.0
-1.3613354633835808,-0.7051287889480591,2942.317626953125,-1.3620405922102474,164,2048,4.246729918632619,0.0007051288266666234,1803,3694592,0.0
-1.5071295439741457,-0.723305344581604,2955.373046875,-1.5078528493652934,165,2048,4.733358624351329,0.0007233053911477327,1814,3717120,0.0
-1.597536582265619,-0.7433487176895142,2964.4775390625,-1.598279930999141,166,2048,5.077275835510484,0.0007433487335219979,1825,3739648,0.0
-1.6172115644535157,-0.7647556066513062,2971.967529296875,-1.6179763201020765,167,2048,5.200435193374949,0.000764755648560822,1836,3762176,0.0
-1.6663285079905923,-0.7868704795837402,2978.5703125,-1.6671153785339716,168,2048,5.420063954324537,0.0007868705433793366,1847,3784704,0.0
-1.6711001927513571,-0.8094156980514526,2984.069091796875,-1.6719096084605845,169,2048,5.459702016201454,0.0008094157092273235,1858,3807232,0.0
-1.6885454647135683,-0.8316251039505005,2990.375732421875,-1.6893770898468554,170,2048,5.571707254532931,0.0008316251332871616,1869,3829760,0.0
-1.687272097886876,-0.8537747859954834,2996.550048828125,-1.688125872723163,171,2048,5.584071595143526,0.0008537748362869024,1880,3852288,0.0
-1.7207006050499116,-0.875983476638794,3002.497314453125,-1.7215765885535588,172,2048,5.74674976986735,0.0008759835036471486,1891,3874816,0.0
-1.7744036994984829,-0.8981955051422119,3008.2421875,-1.7753018950455346,173,2048,5.989044095636817,0.0008981955470517278,1902,3897344,0.0
-1.8059617274336834,-0.9205460548400879,3014.459716796875,-1.8068822735583727,174,2048,6.232711540589077,0.000920546124689281,1913,3919872,0.0
-1.8149241720633724,-0.9431644678115845,3020.055908203125,-1.8158673365791471,175,2048,6.312397323756157,0.0009431645157746971,1924,3942400,0.0
-1.7915754280877765,-0.9654054641723633,3025.977783203125,-1.7925408335761632,176,2048,6.171773867766259,0.0009654054883867502,1935,3964928,0.0
-1.8215217530885148,-0.987403154373169,3032.255615234375,-1.8225091562996987,177,2048,6.370947544148878,0.000987403211183846,1946,3987456,0.0
-1.802488383946343,-1.0085837841033936,3039.6142578125,-1.80349696776118,178,2048,6.331448042627335,0.0010085838148370385,1957,4009984,0.0
-1.79231204767509,-1.0289170742034912,3047.591796875,-1.793340964822868,179,2048,6.190774501746931,0.0010289171477779746,1968,4032512,0.0
-1.8609409123608707,-1.0491070747375488,3055.95263671875,-1.8619900195343284,180,2048,6.688791857298975,0.0010491071734577417,1979,4055040,0.0
-1.814808786204586,-1.0701473951339722,3063.524658203125,-1.8158789337012342,181,2048,6.413696650238903,0.0010701474966481328,1990,4077568,0.0
-1.8841833985444707,-1.0910226106643677,3071.57958984375,-1.8852744211709676,182,2048,6.829972358208776,0.0010910226264968514,2001,4100096,0.0
-1.924834306213627,-1.1118037700653076,3079.3330078125,-1.925946110022808,183,2048,7.051733046215728,0.0011118038091808558,2012,4122624,0.0
-1.9720643993193474,-1.1330302953720093,3086.44482421875,-1.9731974297162336,184,2048,7.3696283502042546,0.00113303039688617,2023,4145152,0.0
-1.8583374581358534,-1.1546103954315186,3092.22998046875,-1.859492068557362,185,2048,6.691064608898175,0.0011546104215085506,2034,4167680,0.0
-1.9653358389424773,-1.1752811670303345,3099.04833984375,-1.9665111201849448,186,2048,7.5090142787105085,0.001175281242467463,2045,4190208,0.0
-1.9785814450801673,-1.1954445838928223,3107.68701171875,-1.9797768896892058,187,2048,7.599256437093011,0.0011954446090385318,2056,4212736,0.0
-1.8496609412720435,-1.2153327465057373,3116.48681640625,-1.8508762740418323,188,2048,6.718575487225666,0.0012153327697888017,2067,4235264,0.0
-1.9987490388737479,-1.233771562576294,3125.427734375,-1.9999828105499455,189,2048,7.698581669072389,0.001233771676197648,2078,4257792,0.0
-2.0286260723853036,-1.2525140047073364,3133.867431640625,-2.029878586462654,190,2048,7.986559353553912,0.0012525140773504972,2089,4280320,0.0
-2.105525389944055,-1.2726078033447266,3140.995849609375,-2.106797997771614,191,2048,8.433465882696833,0.0012726078275591135,2100,4302848,0.0
-2.1421527831070546,-1.2933940887451172,3147.35400390625,-2.143446177239572,192,2048,8.778605592673905,0.0012933941325172782,2111,4325376,0.0
-2.089926372246133,-1.3146777153015137,3153.34033203125,-2.0912410500098635,193,2048,8.350223465085307,0.0013146777637302876,2122,4347904,0.0
-2.16426966889378,-1.3359794616699219,3159.17041015625,-2.1656056484495134,194,2048,9.126374778764799,0.001335979555733502,2133,4370432,0.0
-2.2267083892037727,-1.3573718070983887,3165.189453125,-2.2280657611226298,195,2048,9.484912576251848,0.0013573719188570976,2144,4392960,0.0
-2.233254263776379,-1.3796329498291016,3170.001220703125,-2.234633896749491,196,2048,9.702926073677993,0.001379632973112166,2155,4415488,0.0
-1.4572832927425883,-1.4020543098449707,3174.068603515625,-1.4586853470738537,197,2048,4.864779869684844,0.00140205433126539,2166,4438016,0.0
-1.7780752134602098,-1.4201765060424805,3182.831298828125,-1.7794953900482087,198,2048,7.007335404620264,0.001420176587998867,2177,4460544,0.0
-1.9366429130951273,-1.4349589347839355,3196.255859375,-1.9380778721006917,199,2048,7.868073396718225,0.0014349590055644512,2188,4483072,0.0
-2.1039603385861927,-1.4489707946777344,3216.76025390625,-2.1054093094563076,200,2048,8.873131496093615,0.001448970870114863,2199,4505600,0.0
-2.206237502830522,-1.4657204151153564,3233.262939453125,-2.2077032233043106,201,2048,9.728800159768584,0.0014657204737886786,2210,4528128,0.0
-2.2684193577040714,-1.484550952911377,3243.318115234375,-2.2699039087054116,202,2048,10.044831265821205,0.0014845510013401508,2221,4550656,0.0
-2.3211036310568103,-1.5048584938049316,3250.21875,-2.3226084896633052,203,2048,10.661683191616053,0.0015048586064949632,2232,4573184,0.0
-2.3588184792172022,-1.5263164043426514,3255.22119140625,-2.360344795728647,204,2048,10.988258912991716,0.0015263165114447474,2243,4595712,0.0
-2.3592234267657446,-1.5482401847839355,3259.80419921875,-2.360771667076257,205,2048,11.016324113292626,0.0015482403105124831,2254,4618240,0.0
-2.291186542110536,-1.570026159286499,3264.442138671875,-2.2927565683843754,206,2048,10.312539864140733,0.0015700262738391757,2265,4640768,0.0
-2.4144971052645436,-1.5911874771118164,3269.693603515625,-2.4160882928170926,207,2048,11.633235555531932,0.001591187552548945,2276,4663296,0.0
-2.471508922362683,-1.6128621101379395,3274.54638671875,-2.473121784585511,208,2048,12.213350337402499,0.001612862222827971,2287,4685824,0.0
-2.4613064313673436,-1.6352880001068115,3278.545654296875,-2.4629417194885224,209,2048,12.13738281040461,0.0016352881211787462,2298,4708352,0.0
-2.420176902291244,-1.6568143367767334,3282.96728515625,-2.4218337166531665,210,2048,11.768792346884766,0.001656814361922443,2309,4730880,0.0
-2.2784800202540803,-1.677431583404541,3288.61328125,-2.2801574518859136,211,2048,10.574495559221301,0.001677431631833315,2320,4753408,0.0
-2.4550567974611788,-1.696418046951294,3295.416259765625,-2.456753215617095,212,2048,12.151484290070035,0.0016964181559160352,2331,4775936,0.0
-2.491792228773435,-1.7155139446258545,3301.86865234375,-2.493507742767421,213,2048,12.824660216187434,0.001715513993985951,2342,4798464,0.0
-2.4399405232478935,-1.7352395057678223,3308.363525390625,-2.4416757628868404,214,2048,12.145970579542137,0.0017352396389469504,2353,4820992,0.0
-2.5623694321876336,-1.7550570964813232,3314.248779296875,-2.5641244893232304,215,2048,13.71818762784424,0.0017550571355968714,2364,4843520,0.0
-2.6087438427551874,-1.7760899066925049,3319.201904296875,-2.610519932763394,216,2048,13.946694628347782,0.0017760900082066655,2375,4866048,0.0
-2.0865490357910343,-1.7947137355804443,3325.638671875,-2.088343749573181,217,2048,9.762340963570427,0.001794713782146573,2386,4888576,0.0
-1.9433905850124882,-1.8070197105407715,3336.03271484375,-1.9451976048254744,218,2048,9.158032697290762,0.0018070198129862547,2397,4911104,0.0
-1.9921080844615027,-1.8100590705871582,3352.9228515625,-1.9939181436457112,219,2048,10.047701573909459,0.0018100591842085123,2408,4933632,0.0
-2.2320809028890425,-1.8128869533538818,3369.4326171875,-2.2338937899178335,220,2048,11.11548839940472,0.0018128870287910104,2419,4956160,0.0
-2.4748121764842548,-1.8232624530792236,3380.694091796875,-2.4766354390286036,221,2048,13.118782830850986,0.001823262544348836,2430,4978688,0.0
-2.513544590161128,-1.8391425609588623,3388.548583984375,-2.515383732803112,222,2048,13.285239396801783,0.0018391426419839263,2441,5001216,0.0
-2.5757703062389457,-1.8576421737670898,3394.52734375,-2.5776279485561364,223,2048,13.97625652488217,0.0018576423171907663,2452,5023744,0.0
-2.686756210181387,-1.877955675125122,3399.406005859375,-2.6886341659244986,224,2048,15.298845524607458,0.00187795574311167,2463,5046272,0.0
-2.6857609451953612,-1.8996078968048096,3403.705078125,-2.687660553140595,225,2048,15.814749098474792,0.0018996079452335835,2474,5068800,0.0
-2.6847394222999315,-1.921889305114746,3407.567626953125,-2.6866613116721014,226,2048,16.258751059532017,0.0019218893721699715,2485,5091328,0.0
-2.766947620864235,-1.944310188293457,3411.019775390625,-2.768891931128897,227,2048,16.756552901173794,0.0019443102646619081,2496,5113856,0.0
-2.835092221167569,-1.9671578407287598,3413.816650390625,-2.8370593791032928,228,2048,17.457479783870177,0.0019671579357236624,2507,5136384,0.0
-2.812281616102049,-1.9901740550994873,3416.439208984375,-2.8142717902782204,229,2048,17.49153932334245,0.001990174176171422,2518,5158912,0.0
-2.7032433010433983,-2.0129568576812744,3419.311767578125,-2.705256257930882,230,2048,15.902796498244577,0.002012956887483597,2529,5181440,0.0
-2.7154455715125767,-2.0348334312438965,3423.469482421875,-2.7174804049345074,231,2048,16.50879566547769,0.0020348334219306707,2540,5203968,0.0
-2.8836587809750736,-2.056041955947876,3427.934814453125,-2.8857148229403347,232,2048,18.53452384554576,0.0020560419652611017,2551,5226496,0.0
-2.7128286703091815,-2.077230215072632,3431.68603515625,-2.714905900561507,233,2048,16.19569313943414,0.002077230252325535,2562,5249024,0.0
-2.8370349723224297,-2.096195697784424,3436.65625,-2.8391311680276647,234,2048,17.967069557369975,0.0020961957052350044,2573,5271552,0.0
-2.7397933054706627,-2.1144208908081055,3441.883056640625,-2.741907726460191,235,2048,16.839486847036405,0.0021144209895282984,2584,5294080,0.0
-2.888266960949504,-2.1330158710479736,3447.310546875,-2.890399976958388,236,2048,18.846412017016913,0.0021330160088837147,2595,5316608,0.0
-2.8491475563149304,-2.1529414653778076,3452.368408203125,-2.851300497970298,237,2048,18.132595048943074,0.002152941655367613,2606,5339136,0.0
-2.886694414773942,-2.173598051071167,3457.533203125,-2.888868012931184,238,2048,19.35463248737874,0.0021735981572419405,2617,5361664,0.0
-2.78482966481104,-2.193866014480591,3462.69189453125,-2.7870235308758122,239,2048,18.146212973023637,0.00219386606477201,2628,5384192,0.0
-2.8108179893326097,-2.213383913040161,3468.489990234375,-2.8130313733574086,240,2048,18.129524025711277,0.00221338402479887,2639,5406720,0.0
-3.014873818437887,-2.2325470447540283,3473.57275390625,-3.0171063655888117,241,2048,21.497107311847934,0.002232547150924802,2650,5429248,0.0
-2.9727619942889922,-2.2527120113372803,3478.2353515625,-2.9750147064363026,242,2048,20.614333681441572,0.002252712147310376,2661,5451776,0.0
-2.9986609555128956,-2.272613286972046,3482.199462890625,-3.0009335688594723,243,2048,21.091346957498068,0.0022726133465766907,2672,5474304,0.0
-2.9152269259041206,-2.291879415512085,3486.775634765625,-2.9175188055207983,244,2048,20.292046181868223,0.002291879616677761,2683,5496832,0.0
-2.962215488659532,-2.309946060180664,3492.381103515625,-2.964525434770004,245,2048,21.52596621243321,0.002309946110472083,2694,5519360,0.0
-2.9418986912493335,-2.326955795288086,3498.58349609375,-2.944225647268139,246,2048,21.42339923714375,0.002326956018805504,2705,5541888,0.0
-2.6192353138204125,-2.341372489929199,3506.052001953125,-2.6215766864798424,247,2048,17.473038524982083,0.002341372659429908,2716,5564416,0.0
-2.8749059399766397,-2.354011058807373,3515.20458984375,-2.8772599511490684,248,2048,20.977346193609254,0.002354011172428727,2727,5586944,0.0
-2.9816507857811305,-2.367593765258789,3523.08349609375,-2.984018379594818,249,2048,21.69519750305639,0.002367593813687563,2738,5609472,0.0
-3.084762768487795,-2.383164882659912,3529.923583984375,-3.087145933549269,250,2048,23.875134518296008,0.0023831650614738464,2749,5632000,0.0
-3.157254082581509,-2.4013400077819824,3534.8896484375,-3.1596554226358573,251,2048,25.0102783659177,0.002401340054348111,2760,5654528,0.0
-2.8624027078557877,-2.421232223510742,3538.899169921875,-2.8648239402618376,252,2048,19.332326955524778,0.002421232406049967,2771,5677056,0.0
-3.14625138206895,-2.439702272415161,3543.697265625,-3.1486910844643,253,2048,25.41919615804443,0.002439702395349741,2782,5699584,0.0
-3.238741956735872,-2.4578330516815186,3548.76806640625,-3.2411997898862737,254,2048,27.210703859195746,0.0024578331504017115,2793,5722112,0.0
-3.287275792831608,-2.477323532104492,3553.215576171875,-3.2897531164680207,255,2048,27.96886267496768,0.0024773236364126205,2804,5744640,0.0
-3.3495170179632847,-2.4989283084869385,3555.965087890625,-3.3520159464207833,256,2048,29.049090962220692,0.0024989284574985504,2815,5767168,0.0
-3.000907982804372,-2.5211920738220215,3559.145263671875,-3.003429174993678,257,2048,21.908082255541686,0.0025211921893060207,2826,5789696,0.0
-3.2633857792443797,-2.540661573410034,3563.773193359375,-3.2659264409649387,258,2048,28.491072344735464,0.002540661720559001,2837,5812224,0.0
-3.272284038961075,-2.5590851306915283,3568.768798828125,-3.274843124104805,259,2048,28.056156538214577,0.0025590851437300444,2848,5834752,0.0
-3.2724936573029835,-2.5781545639038086,3573.2119140625,-3.2750718119749207,260,2048,29.35279574610955,0.0025781546719372272,2859,5857280,0.0
-3.2555013015114467,-2.5961735248565674,3578.477294921875,-3.258097475179727,261,2048,27.803173502043972,0.002596173668280244,2870,5879808,0.0
-3.2707657779868935,-2.613945722579956,3583.795654296875,-3.2733797238510345,262,2048,28.336137525619094,0.0026139458641409874,2881,5902336,0.0
-3.278089530175497,-2.6310460567474365,3589.34130859375,-3.280720576286261,263,2048,29.0307310388365,0.002631046110764146,2892,5924864,0.0
-3.135871494830271,-2.644944190979004,3595.6728515625,-3.138516439067816,264,2048,26.36159615092179,0.0026449442375451326,2903,5947392,0.0
-3.3100390249409317,-2.6595869064331055,3601.661865234375,-3.3126986118976562,265,2048,30.60326538569528,0.0026595869567245245,2914,5969920,0.0
-3.2548664549659603,-2.6772382259368896,3606.817626953125,-3.2575436932794415,266,2048,28.67592313280744,0.0026772383134812117,2925,5992448,0.0
-3.396735857012124,-2.6947009563446045,3611.993896484375,-3.3994305580895405,267,2048,32.64078595555339,0.002694701077416539,2936,6014976,0.0
-3.4087724148253042,-2.7121646404266357,3616.930908203125,-3.4114845795979787,268,2048,32.727033821612146,0.0027121647726744413,2947,6037504,0.0
-3.3762838718927055,-2.7312111854553223,3620.5380859375,-3.3790150831433534,269,2048,31.054117116208417,0.0027312112506479025,2958,6060032,0.0
-3.481586557242591,-2.75012469291687,3624.758056640625,-3.4843366820249146,270,2048,34.08623329478849,0.0027501247823238373,2969,6082560,0.0
-3.2554861717238257,-2.7699313163757324,3628.888671875,-3.2582561031761745,271,2048,29.198621416894706,0.0027699314523488283,2980,6105088,0.0
-3.0570885941430523,-2.7835800647735596,3635.01416015625,-3.059872174360563,272,2048,26.36709038590533,0.002783580217510462,2991,6127616,0.0
-3.406633233862764,-2.7939608097076416,3641.808349609375,-3.409427194834522,273,2048,33.28340075243076,0.0027939609717577696,3002,6150144,0.0
-3.3760410933537903,-2.806741237640381,3647.18798828125,-3.378847834632409,274,2048,33.64595957837133,0.002806741278618574,3013,6172672,0.0
-3.3919659656286623,-2.8210408687591553,3652.761962890625,-3.394787006666922,275,2048,35.29252126156919,0.002821041038259864,3024,6195200,0.0
-3.4425696310520246,-2.8365252017974854,3658.335205078125,-3.4454061564922407,276,2048,35.562835211365666,0.0028365254402160645,3035,6217728,0.0
-3.3848900816526237,-2.85447359085083,3662.306640625,-3.387744555308667,277,2048,34.85732670607861,0.0028544736560434103,3046,6240256,0.0
-3.1144328138700597,-2.8704886436462402,3667.781005859375,-3.117303302549096,278,2048,29.198490955179672,0.002870488679036498,3057,6262784,0.0
-3.3645548918217285,-2.881887912750244,3673.64013671875,-3.3674367798890783,279,2048,33.19057539926222,0.0028818880673497915,3068,6285312,0.0
-3.3456738319555273,-2.892070770263672,3679.711181640625,-3.3485659028710772,280,2048,34.63980857917794,0.0028920709155499935,3079,6307840,0.0
-3.52616458180035,-2.9028546810150146,3685.982421875,-3.5290674367328223,281,2048,37.39373481931678,0.00290285493247211,3090,6330368,0.0
-3.2059646109308853,-2.917447328567505,3690.97021484375,-3.2088820582911177,282,2048,30.004025057309114,0.0029174473602324724,3101,6352896,0.0
-3.535381893020036,-2.9302496910095215,3695.7138671875,-3.5383121428060402,283,2048,38.23878240585905,0.002930249786004424,3112,6375424,0.0
-3.238946443551109,-2.9410126209259033,3701.946533203125,-3.2418874563992777,284,2048,30.536559703960137,0.0029410128481686115,3123,6397952,0.0
-3.4356459367218903,-2.951850175857544,3708.392333984375,-3.438597787138029,285,2048,38.322291974197704,0.002951850416138768,3134,6420480,0.0
-3.494931005986301,-2.963623523712158,3714.624755859375,-3.497894629716767,286,2048,39.193856448955756,0.0029636237304657698,3145,6443008,0.0
-3.6244332537211696,-2.9789159297943115,3719.8291015625,-3.6274121697683106,287,2048,42.06681928135712,0.002978916047140956,3156,6465536,0.0
-3.6707269480292917,-2.9977657794952393,3723.41845703125,-3.673724714045343,288,2048,45.36301141906062,0.002997766016051173,3167,6488064,0.0
-3.636416999638392,-3.0176939964294434,3726.163818359375,-3.6394346938620643,289,2048,40.828630655659055,0.0030176942236721516,3178,6510592,0.0
-3.483875494825515,-3.036618709564209,3729.097900390625,-3.486912113756734,290,2048,38.33026524184441,0.0030366189312189817,3189,6533120,0.0
-3.684054366093858,-3.0540735721588135,3732.799072265625,-3.6871084398727705,291,2048,45.56085570639302,0.003054073778912425,3200,6555648,0.0
-3.840140835217199,-3.072798252105713,3736.728515625,-3.843213633702135,292,2048,49.22908973721992,0.0030727984849363565,3211,6578176,0.0
-3.855904490028616,-3.094379425048828,3739.248291015625,-3.8589988695859128,293,2048,50.68417039623634,0.0030943795572966337,3222,6600704,0.0
-3.3573860407600953,-3.113919734954834,3742.32080078125,-3.3604999606291606,294,2048,39.2090243925642,0.0031139198690652847,3233,6623232,0.0
-2.6522440366980446,-3.11539888381958,3751.484619140625,-2.655359435740189,295,2048,28.538178658869214,0.0031153990421444178,3244,6645760,0.0
-3.1515382589071748,-3.10575532913208,3770.62890625,-3.1546440143368897,296,2048,34.90104556326057,0.003105755429714918,3255,6668288,0.0
-3.420275529498307,-3.103379249572754,3783.52392578125,-3.4233789088913036,297,2048,39.51526850114761,0.0031033793929964304,3266,6690816,0.0
-3.7169498026131613,-3.1099812984466553,3790.869873046875,-3.720059784151889,298,2048,46.70079307689213,0.0031099815387278795,3277,6713344,0.0
-3.768920451616411,-3.124255657196045,3795.1103515625,-3.77204470753624,299,2048,50.006994301104136,0.003124255919829011,3288,6735872,0.0
-3.918039210265241,-3.143244504928589,3798.742431640625,-3.921182454921044,300,2048,53.75534691148256,0.003143244655802846,3299,6758400,0.0
-3.886386598670059,-3.1649491786956787,3801.471923828125,-3.889551548031294,301,2048,55.03174303836178,0.0031649493612349033,3310,6780928,0.0
-4.016078902379641,-3.188080072402954,3803.5224609375,-4.019266982534,302,2048,58.2443107045678,0.0031880801543593407,3321,6803456,0.0
-3.2873267506392736,-3.211674451828003,3805.039794921875,-3.290538425152569,303,2048,32.91089467216912,0.003211674513295293,3332,6825984,0.0
-3.7183223418245417,-3.2254562377929688,3809.422607421875,-3.721547798282127,304,2048,48.052886440279835,0.0032254564575850964,3343,6848512,0.0
-3.8037121949628476,-3.237881660461426,3814.59130859375,-3.8069500768933926,305,2048,54.461111633533704,0.0032378819305449724,3354,6871040,0.0
-3.9525143209044646,-3.2541518211364746,3818.136962890625,-3.9557684728075575,306,2048,57.68303367817387,0.003254151903092861,3365,6893568,0.0
-3.988340847160014,-3.2735214233398438,3820.522216796875,-3.991614368710014,307,2048,59.85283695338093,0.003273521549999714,3376,6916096,0.0
-4.029159099412871,-3.2935657501220703,3823.007080078125,-4.032452665352983,308,2048,61.3306590945046,0.0032935659401118755,3387,6938624,0.0
-3.8148661038409006,-3.3118550777435303,3826.009521484375,-3.818177959093733,309,2048,56.4584503709593,0.0033118552528321743,3398,6961152,0.0
-4.01149065015663,-3.3261184692382812,3830.114990234375,-4.014816768847523,310,2048,58.67676485950767,0.003326118690893054,3409,6983680,0.0
-3.884756277992243,-3.3396191596984863,3834.36474609375,-3.888095897368008,311,2048,55.721298337596906,0.0033396193757653236,3420,7006208,0.0
-3.7678515527272873,-3.3514065742492676,3839.75830078125,-3.7712029593872183,312,2048,50.66561608906282,0.0033514066599309444,3431,7028736,0.0
-3.7487167801521926,-3.3622491359710693,3845.52294921875,-3.752079029502368,313,2048,52.012414532557244,0.0033622493501752615,3442,7051264,0.0
-3.6842132150451556,-3.3757009506225586,3849.3505859375,-3.687588916185768,314,2048,50.784833728777485,0.003375701140612364,3453,7073792,0.0
-3.8775289116055145,-3.389039993286133,3853.062255859375,-3.8809179518465324,315,2048,57.101312438247334,0.0033890402410179377,3464,7096320,0.0
-3.9748333138106835,-3.4033193588256836,3856.931640625,-3.978236633322246,316,2048,64.15305214856188,0.003403319511562586,3475,7118848,0.0
-3.7875694290115502,-3.420565128326416,3860.00244140625,-3.7909899942888883,317,2048,55.82857770021563,0.003420565277338028,3486,7141376,0.0
-3.9424410961723497,-3.4375903606414795,3863.549072265625,-3.9458786867248437,318,2048,62.28932719404432,0.00343759055249393,3497,7163904,0.0
-3.938817213634915,-3.4516713619232178,3866.888671875,-3.942268885086245,319,2048,63.548205801835124,0.003451671451330185,3508,7186432,0.0
-3.7423584948583453,-3.462639808654785,3871.6689453125,-3.7458211347284673,320,2048,55.20418456576501,0.003462639870122075,3519,7208960,0.0
-4.095611817640876,-3.474867582321167,3875.958251953125,-4.099086685310741,321,2048,67.23393619035318,0.003474867669865489,3530,7231488,0.0
-3.658937509322197,-3.4915618896484375,3879.2841796875,-3.662429071414874,322,2048,51.080003557232644,0.0034915620926767588,3541,7254016,0.0
-3.637899509185046,-3.5058529376983643,3882.1201171875,-3.6414053621897997,323,2048,45.802938847741835,0.0035058530047535896,3552,7276544,0.0
-3.2341119778321246,-3.5141732692718506,3886.791748046875,-3.2376261512727598,324,2048,40.215067473501776,0.0035141734406352043,3563,7299072,0.0
-3.6442807889143234,-3.5135657787323,3893.10009765625,-3.6477943548998093,325,2048,58.44782591502202,0.0035135659854859114,3574,7321600,0.0
-3.9075954646942375,-3.5178589820861816,3898.44140625,-3.9111133238439617,326,2048,62.75510320174381,0.003517859149724245,3585,7344128,0.0
-4.004066393448594,-3.528181314468384,3903.385498046875,-4.007594574912074,327,2048,67.97031089171043,0.0035281814634799957,3596,7366656,0.0
-4.164990989618953,-3.5432968139648438,3906.65380859375,-4.16853428668065,328,2048,73.57173336317058,0.0035432970616966486,3607,7389184,0.0
-4.246200063291038,-3.561797857284546,3908.500732421875,-4.24976186130851,329,2048,78.58460656530393,0.0035617980174720287,3618,7411712,0.0
-3.9279038728869553,-3.5829710960388184,3910.216552734375,-3.9314868440575,330,2048,65.6399658006594,0.0035829711705446243,3629,7434240,0.0
-3.647290576066635,-3.5929605960845947,3913.9833984375,-3.650883536835946,331,2048,60.17929335340152,0.0035929607693105936,3640,7456768,0.0
-3.6444392004402255,-3.5900306701660156,3920.302734375,-3.6480292312687164,332,2048,54.197722635493804,0.0035900308284908533,3651,7479296,0.0
-4.003661197398957,-3.587775945663452,3925.9345703125,-4.007248973495495,333,2048,66.58147969175423,0.0035877760965377092,3662,7501824,0.0
-3.976647631915436,-3.5933687686920166,3930.721923828125,-3.9802410008368647,334,2048,70.18568807449915,0.003593368921428919,3673,7524352,0.0
-4.220121339977645,-3.6052403450012207,3935.027587890625,-4.2237265804679325,335,2048,79.50712876226433,0.0036052404902875423,3684,7546880,0.0
-4.029657748687307,-3.6220991611480713,3938.324951171875,-4.03327984797884,336,2048,80.14569564691199,0.0036220992915332317,3695,7569408,0.0
-3.8061346839844603,-3.6403815746307373,3940.979248046875,-3.809775065836625,337,2048,66.24463995870346,0.0036403818521648645,3706,7591936,0.0
-4.041928105108594,-3.6566367149353027,3943.695068359375,-4.045584742032146,338,2048,73.03403247205335,0.0036566369235515594,3717,7614464,0.0
-4.216255215272591,-3.67401123046875,3946.172607421875,-4.219929226717264,339,2048,80.4170786611436,0.003674011444672942,3728,7636992,0.0
-4.379636631745065,-3.690110206604004,3949.336181640625,-4.3833267420317625,340,2048,85.56897765369119,0.0036901102866977453,3739,7659520,0.0
-4.061301697355098,-3.704531192779541,3953.1337890625,-4.065006228706203,341,2048,79.21927298248457,0.0037045313511043787,3750,7682048,0.0
-3.6511194581299558,-3.7153239250183105,3957.38916015625,-3.6548347823455467,342,2048,53.60241663946829,0.003715324215590954,3761,7704576,0.0
-3.9027226729740665,-3.7210886478424072,3962.6689453125,-3.9064437618435637,343,2048,63.35647779409168,0.00372108886949718,3772,7727104,0.0
-3.861666242237814,-3.7289745807647705,3967.36376953125,-3.8653952170812116,344,2048,68.13391319516825,0.0037289748433977365,3783,7749632,0.0
-4.011302689382276,-3.739997148513794,3970.701416015625,-4.015042686661175,345,2048,76.82439242317824,0.0037399972788989544,3794,7772160,0.0
-4.1757762563303285,-3.7525992393493652,3974.015380859375,-4.179528855800646,346,2048,87.38197080833828,0.0037525994703173637,3805,7794688,0.0
-4.354060057233335,-3.7683568000793457,3976.765380859375,-4.357828414215954,347,2048,89.24003620086876,0.0037683569826185703,3816,7817216,0.0
-4.181769349984645,-3.7832329273223877,3979.5986328125,-4.185552582982748,348,2048,79.5886898670548,0.0037832329981029034,3827,7839744,0.0
-4.260662744423809,-3.7935142517089844,3983.31005859375,-4.264456258757474,349,2048,81.69524044230477,0.003793514333665371,3838,7862272,0.0
-4.086969124903128,-3.8024089336395264,3987.577392578125,-4.090771534065873,350,2048,73.97216620324897,0.0038024091627448797,3849,7884800,0.0
-4.179468667535699,-3.812957286834717,3991.53662109375,-4.183281625090754,351,2048,93.98841300373243,0.0038129575550556183,3860,7907328,0.0
-3.970735865650382,-3.8283300399780273,3993.734375,-3.974564195848685,352,2048,75.44494426591598,0.003828330198302865,3871,7929856,0.0
-3.9862764170929417,-3.831886053085327,3998.2265625,-3.990108303313665,353,2048,81.08172055853639,0.0038318862207233906,3882,7952384,0.0
-4.0650153344827835,-3.828582763671875,4004.57763671875,-4.068843917535165,354,2048,79.46991979797984,0.003828583052381873,3893,7974912,0.0
-4.155151599311363,-3.830387830734253,4009.99560546875,-4.158981987266895,355,2048,79.6704437576372,0.003830387955531478,3904,7997440,0.0
-4.078013359657246,-3.8363707065582275,4014.4658203125,-4.081849730661827,356,2048,87.3601423516784,0.0038363710045814514,3915,8019968,0.0
-4.087060905711759,-3.8434014320373535,4018.685791015625,-4.090904307270456,357,2048,84.84713058477752,0.0038434015586972237,3926,8042496,0.0
-4.343995133360581,-3.8533072471618652,4022.3544921875,-4.347848440699012,358,2048,90.42657407506438,0.0038533073384314775,3937,8065024,0.0
-4.063476445564811,-3.8678746223449707,4025.12939453125,-4.067344320418124,359,2048,78.32588017404112,0.003867874853312969,3948,8087552,0.0
-4.383301912826014,-3.884549617767334,4027.398193359375,-4.387186462544364,360,2048,104.42199780239937,0.003884549718350172,3959,8110080,0.0
-4.18266689227746,-3.9004623889923096,4030.05615234375,-4.186567354806151,361,2048,83.37144645273844,0.0039004625286906958,3970,8132608,0.0
-4.49811803161356,-3.9134843349456787,4033.446533203125,-4.502031516127319,362,2048,108.41004838159805,0.003913484513759613,3981,8155136,0.0
-3.810287143594788,-3.9294402599334717,4035.7080078125,-3.814216583992557,363,2048,67.81089116296445,0.003929440397769213,3992,8177664,0.0
-3.6617009704900063,-3.938643217086792,4038.588623046875,-3.6656396137517966,364,2048,63.4127206007652,0.003938643261790276,4003,8200192,0.0
-4.249152257953538,-3.9415669441223145,4043.428955078125,-4.253093825102551,365,2048,87.09813637922302,0.003941567149013281,4014,8222720,0.0
-4.465230879107745,-3.950161933898926,4047.620849609375,-4.469181041432799,366,2048,99.01368355960766,0.003950162325054407,4025,8245248,0.0
-4.380895950508027,-3.964158058166504,4050.490966796875,-4.384860108748732,367,2048,104.27142680814325,0.0039641582407057285,4036,8267776,0.0
-4.383210151835305,-3.980307102203369,4052.836669921875,-4.387190459209455,368,2048,116.75176182790375,0.003980307374149561,4047,8290304,0.0
-4.590904353889133,-3.999490261077881,4054.647216796875,-4.594903844180013,369,2048,115.56283478801367,0.003999490290880203,4058,8312832,0.0
-0.32247946107331593,-3.999877452850342,4058.497802734375,-0.3264793387943872,370,2048,29.249931012436257,0.003999877721071243,4069,8335360,0.0
92.6435966480276,-3.910311698913574,4089.376220703125,92.63968633606419,371,2048,1.2911065825560601,0.003910311963409185,4080,8357888,0.0
70.65410509061559,-3.782130002975464,4227.798828125,70.65032296053624,372,2048,3.7314391143838583,0.003782130079343915,4091,8380416,0.0
36.818601596466834,-3.6868162155151367,4372.51953125,36.81491478003525,373,2048,7.519070250416843,0.003686816431581974,4102,8402944,0.0
28.42743535444297,-3.624180555343628,4443.443359375,28.423811173645483,374,2048,9.25902535724709,0.0036241807974874973,4113,8425472,0.0
26.251519525249293,-3.577986240386963,4476.6416015625,26.24794153875,375,2048,9.035829414277863,0.0035779864992946386,4124,8448000,0.0
24.024938693420477,-3.5401597023010254,4498.96337890625,24.021398533518873,376,2048,9.671390718716019,0.0035401599016040564,4135,8470528,0.0
20.981674036206424,-3.5067086219787598,4515.26171875,20.978167327316225,377,2048,9.766860166644982,0.0035067088901996613,4146,8493056,0.0
21.08813782218558,-3.476593494415283,4530.20751953125,21.084661228542153,378,2048,8.159439256764212,0.003476593643426895,4157,8515584,0.0
17.436620201965546,-3.448768138885498,4545.57275390625,17.43317143367951,379,2048,10.405827327902994,0.003448768286034465,4168,8538112,0.0
15.82093454698023,-3.423261880874634,4561.61376953125,15.817511284825546,380,2048,10.569024994890826,0.0034232621546834707,4179,8560640,0.0
14.722951601711937,-3.399711847305298,4579.28759765625,14.719551889678367,381,2048,11.039711032913885,0.0033997120335698128,4190,8583168,0.0
13.534629360473103,-3.378079652786255,4598.57763671875,13.531251280734635,382,2048,11.486401443983334,0.0033780797384679317,4201,8605696,0.0
11.859946291967635,-3.358104944229126,4618.59130859375,11.856588186770086,383,2048,10.776072553803704,0.0033581051975488663,4212,8628224,0.0
10.583984381275158,-3.3397247791290283,4639.96044921875,10.580644656427111,384,2048,11.598098147046244,0.003339724848046899,4223,8650752,0.0
10.08958661597645,-3.3228228092193604,4660.6123046875,10.086263793003317,385,2048,11.133977716738048,0.0033228229731321335,4234,8673280,0.0
8.154020244292226,-3.307305335998535,4680.6435546875,8.150712938783002,386,2048,11.474918890887174,0.003307305509224534,4245,8695808,0.0
7.143889260570721,-3.2930381298065186,4700.89599609375,7.140596222224848,387,2048,12.14129601944878,0.003293038345873356,4256,8718336,0.0
7.133017693408732,-3.279956340789795,4720.3603515625,7.129737736885403,388,2048,11.358309927888138,0.0032799565233290195,4267,8740864,0.0
5.541009239685494,-3.267749071121216,4739.62744140625,5.537741490472812,389,2048,12.077288846477128,0.003267749212682247,4278,8763392,0.0
4.786385024192631,-3.256357192993164,4758.2412109375,4.783128666917682,390,2048,13.072664432131587,0.0032563572749495506,4289,8785920,0.0
4.221760990655564,-3.2457828521728516,4777.994140625,4.218515207617127,391,2048,14.051988466769956,0.0032457830384373665,4300,8808448,0.0
3.748602438067927,-3.2358760833740234,4797.166015625,3.7453665617405463,392,2048,13.895346264040679,0.003235876327380538,4311,8830976,0.0
3.4087894412875626,-3.2266321182250977,4815.05322265625,3.405562809035227,393,2048,13.631883890849725,0.0032266322523355484,4322,8853504,0.0
2.923337233663438,-3.218024730682373,4831.55908203125,2.920119208694337,394,2048,14.43518197723819,0.003218024969100952,4333,8876032,0.0
2.7466970287993213,-3.2099151611328125,4847.732421875,2.7434871135543695,395,2048,13.772047981910749,0.003209915244951844,4344,8898560,0.0
1.8638968373012033,-3.2022907733917236,4863.2275390625,1.8606945463285085,396,2048,15.973769356555282,0.0032022909726947546,4355,8921088,0.0
1.4032611049980148,-3.1951513290405273,4878.9150390625,1.400065953544177,397,2048,15.402296136078323,0.0031951514538377523,4366,8943616,0.0
1.4167067813052572,-3.1885180473327637,4893.65576171875,1.4135182631964571,398,2048,15.94260593060234,0.0031885181088000536,4377,8966144,0.0
0.991136806738119,-3.182279586791992,4908.2412109375,0.987954527093585,399,2048,17.52326255951043,0.003182279644533992,4388,8988672,0.0
1.040886138900416,-3.1764135360717773,4922.41650390625,1.0377097251911183,400,2048,16.417463982282655,0.0031764137092977762,4399,9011200,0.0
0.6728910347110243,-3.170850992202759,4937.01318359375,0.669720183558634,401,2048,17.049499219480133,0.0031708511523902416,4410,9033728,0.0
0.40193840037897294,-3.1656157970428467,4950.93896484375,0.39877278442360525,402,2048,18.60852991623664,0.0031656159553676844,4421,9056256,0.0
0.27879027455928335,-3.160696268081665,4965.25244140625,0.2756295780825854,403,2048,18.999504039603885,0.0031606964766979218,4432,9078784,0.0
-0.32725054729221936,-3.1560115814208984,4979.26708984375,-0.3304065589835363,404,2048,19.99636801801095,0.0031560116913169622,4443,9101312,0.0
-0.2980885944750174,-3.1516225337982178,4992.8388671875,-0.30124021707587084,405,2048,19.433204672060416,0.003151622600853443,4454,9123840,0.0
-0.585112368224713,-3.1474082469940186,5006.66650390625,-0.5882597765909163,406,2048,20.2294387738008,0.003147408366203308,4465,9146368,0.0
-0.5259771828298907,-3.143385648727417,5020.1494140625,-0.5291205685810636,407,2048,19.507465941304226,0.0031433857511729,4476,9168896,0.0
-0.7789062793503603,-3.1395421028137207,5033.22900390625,-0.7820458215332677,408,2048,20.87070060843242,0.003139542182907462,4487,9191424,0.0
-0.9771180361143859,-3.135859251022339,5046.21826171875,-0.9802538956150026,409,2048,21.580004296037583,0.003135859500616789,4498,9213952,0.0
-1.030421032743982,-3.1323747634887695,5058.7861328125,-1.0335534077011859,410,2048,20.961064619105457,0.003132374957203865,4509,9236480,0.0
-1.063077807038366,-3.129082441329956,5070.849609375,-1.066206889537438,411,2048,21.80920246294319,0.0031290824990719557,4520,9259008,0.0
-1.2835132895596195,-3.1259572505950928,5082.4052734375,-1.2866392470057924,412,2048,22.448356451835668,0.0031259574461728334,4531,9281536,0.0
-1.5494701891211304,-3.12298846244812,5093.326171875,-1.552593177743766,413,2048,23.9355696424846,0.003122988622635603,4542,9304064,0.0
-1.2810336365424855,-3.1201958656311035,5104.38427734375,-1.284153832594381,414,2048,22.44246435022787,0.0031201960518956184,4553,9326592,0.0
-1.4254293834149818,-3.117438793182373,5115.1474609375,-1.4285468222863953,415,2048,22.747948895247802,0.0031174388714134693,4564,9349120,0.0
-1.6536424524459497,-3.114826202392578,5125.853515625,-1.6567572787247107,416,2048,24.809182566865754,0.0031148262787610292,4575,9371648,0.0
-1.6591079830184052,-3.112346649169922,5136.015625,-1.662220329883642,417,2048,24.16239455908468,0.003112346865236759,4586,9394176,0.0
-1.7210324220760163,-3.1099650859832764,5145.95263671875,-1.724142387316599,418,2048,23.376334532582383,0.0031099652405828238,4597,9416704,0.0
-1.9233746028851466,-3.1076972484588623,5155.59765625,-1.9264823003552602,419,2048,25.21563353836128,0.003107697470113635,4608,9439232,0.0
-1.771681207909928,-3.105534315109253,5165.1162109375,-1.774786742383362,420,2048,25.172692780302064,0.0031055344734340906,4619,9461760,0.0
-1.9571183455379324,-3.1034653186798096,5173.994140625,-1.960221811078267,421,2048,25.477449074484056,0.0031034655403345823,4630,9484288,0.0
-2.0648789828584104,-3.1015260219573975,5182.70263671875,-2.0679805089194834,422,2048,26.419811695075786,0.0031015260610729456,4641,9506816,0.0
-2.137947960913827,-3.099700689315796,5191.4873046875,-2.1410476618154846,423,2048,27.537879477059768,0.003099700901657343,4652,9529344,0.0
-2.128517766789421,-3.0979957580566406,5199.73876953125,-2.1316157626722747,424,2048,28.18650113669444,0.0030979958828538656,4663,9551872,0.0
-2.1208258111951994,-3.0963807106018066,5207.86474609375,-2.123922192164709,425,2048,27.245658048899976,0.0030963809695094824,4674,9574400,0.0
-2.4348993924193563,-3.0947742462158203,5215.7939453125,-2.4379941668574245,426,2048,28.959783352369605,0.0030947744380682707,4685,9596928,0.0
-2.2845138126118196,-3.0932459831237793,5223.5859375,-2.287607058749543,427,2048,28.56889311112742,0.0030932461377233267,4696,9619456,0.0
-2.5393010381244787,-3.0917985439300537,5231.15771484375,-2.5423928367540904,428,2048,29.963971733503534,0.0030917986296117306,4707,9641984,0.0
-2.387400537114587,-3.090480089187622,5238.69482421875,-2.3904910174570944,429,2048,30.014419501107394,0.0030904803425073624,4718,9664512,0.0
-2.4755151101954374,-3.0891988277435303,5245.9287109375,-2.4786043092709127,430,2048,30.728541585229795,0.003089199075475335,4729,9687040,0.0
-2.4120559604021192,-3.0879898071289062,5253.013671875,-2.415143950388062,431,2048,29.716027398871848,0.0030879899859428406,4740,9709568,0.0
-2.38387784071318,-3.0868732929229736,5260.11181640625,-2.386964714043356,432,2048,29.750670876113738,0.0030868733301758766,4751,9732096,0.0
-2.6644223745940474,-3.0857889652252197,5267.05712890625,-2.667508163631916,433,2048,31.879101911552645,0.0030857890378683805,4762,9754624,0.0
-2.7171013897028224,-3.084808111190796,5273.55126953125,-2.7201861980580198,434,2048,32.05879827493191,0.0030848083551973104,4773,9777152,0.0
-2.8146664751988526,-3.0838849544525146,5279.82568359375,-2.817750360380548,435,2048,32.850507930356514,0.003083885181695223,4784,9799680,0.0
-2.7916431531908508,-3.0830442905426025,5286.05859375,-2.7947261976210918,436,2048,33.912701128675536,0.0030830444302409887,4795,9822208,0.0
-2.7630101831378187,-3.082247018814087,5292.3720703125,-2.7660924303559358,437,2048,32.98335256392693,0.003082247218117118,4806,9844736,0.0
-2.637021784260417,-3.081523895263672,5298.30712890625,-2.640103308306555,438,2048,33.01294923890852,0.003081524046137929,4817,9867264,0.0
-2.699182508963718,-3.080824136734009,5304.22607421875,-2.7022633333537716,439,2048,32.51889881218435,0.003080824390053749,4828,9889792,0.0
-2.781993910280942,-3.0801548957824707,5310.16015625,-2.7850740652828954,440,2048,33.86505954295123,0.003080155001953244,4839,9912320,0.0
-2.913032512312867,-3.0795280933380127,5315.99560546875,-2.9161120405347276,441,2048,33.826644280118316,0.003079528221860528,4850,9934848,0.0
-2.83250744651174,-3.07896089553833,5321.8037109375,-2.8355864075581527,442,2048,34.27749639998929,0.003078961046412587,4861,9957376,0.0
-2.840645140016908,-3.0784401893615723,5327.41943359375,-2.8437235804540015,443,2048,34.20893970142784,0.003078440437093377,4872,9979904,0.0
-2.9340943756488915,-3.077953577041626,5333.03076171875,-2.9371723294699397,444,2048,34.87356865300885,0.0030779538210481405,4883,10002432,0.0
-2.9814964887492046,-3.0775158405303955,5338.50146484375,-2.9845740048486427,445,2048,35.72050510504208,0.0030775160994380713,4894,10024960,0.0
-3.0019624294186373,-3.077110528945923,5343.7841796875,-3.005039540159925,446,2048,35.25444428262364,0.00307711074128747,4905,10047488,0.0
-3.0086486608411422,-3.076770544052124,5349.22900390625,-3.0117254314168593,447,2048,35.08620884768719,0.0030767705757170916,4916,10070016,0.0
-2.9233693100325135,-3.0765085220336914,5354.19873046875,-2.9264458186737565,448,2048,33.08141599255553,0.003076508641242981,4927,10092544,0.0
-3.032071458182424,-3.0761852264404297,5359.3583984375,-3.0351476436547338,449,2048,35.093541630129664,0.0030761854723095894,4938,10115072,0.0
-2.9822652825573,-3.0758800506591797,5364.47119140625,-2.985341162788636,450,2048,35.377855217574535,0.003075880231335759,4949,10137600,0.0
-3.056796041257086,-3.075645685195923,5369.5927734375,-3.0598716870279636,451,2048,35.673406996909165,0.0030756457708775997,4960,10160128,0.0
-3.0796533655969736,-3.0754690170288086,5374.37646484375,-3.0827288346493926,452,2048,36.3367007687391,0.0030754690524190664,4971,10182656,0.0
-3.162520278265718,-3.075331926345825,5379.2939453125,-3.1655956104137184,453,2048,37.24477746522861,0.003075332148000598,4982,10205184,0.0
-3.099619464992141,-3.075230360031128,5384.3017578125,-3.1026946953931502,454,2048,36.270334606486536,0.003075230401009321,4993,10227712,0.0
-3.2115910887173165,-3.0750892162323,5389.13330078125,-3.2146661780229557,455,2048,37.0068366305533,0.003075089305639267,5004,10250240,0.0
-3.119827643191261,-3.0749785900115967,5394.02099609375,-3.1229026219023446,456,2048,37.88254265583245,0.0030749787110835314,5015,10272768,0.0
-3.1431064689262644,-3.0749640464782715,5398.63232421875,-3.146181433201848,457,2048,38.28489035483696,0.003074964275583625,5026,10295296,0.0
-3.1010928336355743,-3.075019359588623,5402.9111328125,-3.1041678530920205,458,2048,38.12688529015307,0.003075019456446171,5037,10317824,0.0
-3.250118734876578,-3.075098752975464,5406.9873046875,-3.2531938337282735,459,2048,39.28185789633055,0.0030750988516956568,5048,10340352,0.0
-3.2351580748467472,-3.0752179622650146,5411.3798828125,-3.2382332929077324,460,2048,39.91869898899311,0.0030752180609852076,5059,10362880,0.0
-3.1660245489905696,-3.0753767490386963,5415.408203125,-3.169099925842054,461,2048,39.0208392446541,0.0030753768514841795,5070,10385408,0.0
-3.281794802384627,-3.075589418411255,5419.44677734375,-3.2848703920433193,462,2048,39.42038623408139,0.003075589658692479,5081,10407936,0.0
-3.3734623871044294,-3.075815439224243,5423.2587890625,-3.376538202608846,463,2048,39.90807769284217,0.0030758155044168234,5092,10430464,0.0
-3.3262004649637067,-3.0760865211486816,5426.98681640625,-3.3292765517158234,464,2048,39.88122572540098,0.00307608675211668,5103,10452992,0.0
-3.258444336293727,-3.0763702392578125,5431.01171875,-3.2615207066335676,465,2048,38.042641131846246,0.0030763703398406506,5114,10475520,0.0
-3.1207996642793057,-3.0766677856445312,5435.08447265625,-3.123876332176709,466,2048,37.596004145362485,0.00307666789740324,5125,10498048,0.0
-3.3135782459303744,-3.076950788497925,5439.08056640625,-3.3166551969498403,467,2048,39.90687805057782,0.0030769510194659233,5136,10520576,0.0
-3.1811470209105615,-3.077174663543701,5443.13720703125,-3.184224195680276,468,2048,37.59965874318709,0.0030771747697144747,5147,10543104,0.0
-3.2804957914115276,-3.07741641998291,5447.205078125,-3.283573208092281,469,2048,39.279909067023596,0.003077416680753231,5158,10565632,0.0
-3.329665114315474,-3.0777275562286377,5450.99609375,-3.332742842057967,470,2048,39.45988362414714,0.0030777277424931526,5169,10588160,0.0
-3.2473432170559864,-3.0780699253082275,5454.818359375,-3.2504212870595257,471,2048,39.52414763014388,0.003078070003539324,5180,10610688,0.0
-3.331434910533073,-3.0784757137298584,5458.521484375,-3.3345133863604244,472,2048,40.73194737929554,0.0030784758273512125,5191,10633216,0.0
-3.342827550728594,-3.078977108001709,5461.9658203125,-3.3459065280731517,473,2048,41.05940974155935,0.003078977344557643,5202,10655744,0.0
-3.4143817296961743,-3.079505443572998,5465.5322265625,-3.4174612353334624,474,2048,42.533358964370365,0.0030795056372880936,5213,10678272,0.0
-3.460878164278144,-3.080092668533325,5469.0068359375,-3.4639582571143155,475,2048,42.23631243659383,0.0030800928361713886,5224,10700800,0.0
-3.448418066540915,-3.0807039737701416,5472.220703125,-3.451498770557526,476,2048,43.030402420446144,0.00308070401661098,5235,10723328,0.0
-3.4613595829142825,-3.081340789794922,5475.44873046875,-3.4644409239555345,477,2048,43.39218227326295,0.003081341041252017,5246,10745856,0.0
-3.4375384172407712,-3.0820112228393555,5478.52001953125,-3.4406204286014463,478,2048,43.72876881389729,0.0030820113606750965,5257,10768384,0.0
-3.4508414589092644,-3.082704782485962,5481.51953125,-3.453924163872427,479,2048,43.00317748181854,0.0030827049631625414,5268,10790912,0.0
-3.4934335716331737,-3.0834250450134277,5484.7587890625,-3.496516996741517,480,2048,43.793067726090044,0.003083425108343363,5279,10813440,0.0
-3.4989442525687613,-3.084179401397705,5487.81689453125,-3.50202843204839,481,2048,44.00651551701651,0.0030841794796288013,5290,10835968,0.0
-3.4715084351343677,-3.084944725036621,5490.70068359375,-3.474593379928322,482,2048,44.367132565734465,0.0030849447939544916,5301,10858496,0.0
-3.5020398240397252,-3.0857620239257812,5493.70703125,-3.5051255863020696,483,2048,44.65534673408857,0.0030857622623443604,5312,10881024,0.0
-3.4622528641778025,-3.0865883827209473,5496.58447265625,-3.4653394527561012,484,2048,42.58902375247541,0.003086588578298688,5323,10903552,0.0
-3.4337665484035766,-3.0874369144439697,5499.435546875,-3.436853985416741,485,2048,44.52275224045272,0.0030874370131641626,5334,10926080,0.0
-3.4359043138761947,-3.088310718536377,5502.26708984375,-3.4389926247027645,486,2048,43.13401469170324,0.0030883108265697956,5345,10948608,0.0
-3.476351527403135,-3.089144706726074,5505.33447265625,-3.4794406722290705,487,2048,43.360230037110284,0.0030891448259353638,5356,10971136,0.0
-3.589635423050336,-3.0899736881256104,5508.505859375,-3.5927253969861934,488,2048,45.255591540114935,0.003089973935857415,5367,10993664,0.0
-3.498951750216139,-3.0908730030059814,5511.3544921875,-3.502042623343942,489,2048,45.08792301504277,0.0030908731278032064,5378,11016192,0.0
-3.4970866308489126,-3.0918047428131104,5514.01416015625,-3.5001784357649517,490,2048,43.26526750715071,0.0030918049160391092,5389,11038720,0.0
-3.5538891107501023,-3.0927257537841797,5516.9765625,-3.5569818367441677,491,2048,45.64208209042992,0.003092725994065404,5400,11061248,0.0
-3.573031665595411,-3.093665599822998,5520.083984375,-3.5761253312939543,492,2048,45.795215782814765,0.003093665698543191,5411,11083776,0.0
-3.546793695266434,-3.0946052074432373,5523.00537109375,-3.549888300669455,493,2048,43.821135664194195,0.003094605403020978,5422,11106304,0.0
-3.508629504409173,-3.095578670501709,5525.52587890625,-3.511725083277115,494,2048,45.6943413505539,0.003095578867942095,5433,11128832,0.0
-3.570355192588475,-3.0965912342071533,5528.3828125,-3.5734517840368865,495,2048,45.64655803361348,0.0030965914484113455,5444,11151360,0.0
-3.571818775234651,-3.0976483821868896,5531.0576171875,-3.5749164237341846,496,2048,45.88936102945655,0.003097648499533534,5455,11173888,0.0
-3.616276941581481,-3.0987069606781006,5533.7646484375,-3.619375648761951,497,2048,46.94585361216964,0.003098707180470228,5466,11196416,0.0
-3.515528520691749,-3.099799633026123,5536.4609375,-3.51862832054643,498,2048,46.07353732201609,0.003099799854680896,5477,11218944,0.0
-3.6548257399408715,-3.100898504257202,5539.099609375,-3.6579266385233598,499,2048,46.74266989118441,0.0031008985824882984,5488,11241472,0.0
-3.5835492774027062,-3.102020502090454,5541.8134765625,-3.5866512979960663,500,2048,47.36825739977232,0.0031020205933600664,5499,11264000,0.0
-3.6850390156340467,-3.103156805038452,5544.423828125,-3.6881421726737784,501,2048,47.46974121722617,0.003103157039731741,5510,11286528,0.0
-3.595034865955582,-3.1043319702148438,5547.1123046875,-3.5981391980915722,502,2048,44.02881365866443,0.003104332135990262,5521,11309056,0.0
-3.5323221221146794,-3.1055095195770264,5549.7529296875,-3.5354276316752347,503,2048,46.72020085718286,0.0031055095605552197,5532,11331584,0.0
-3.6602254172515813,-3.106724977493286,5552.09228515625,-3.663332142420927,504,2048,47.30223142323079,0.0031067251693457365,5543,11354112,0.0
-3.5726799372578677,-3.1079585552215576,5554.6630859375,-3.5757878959639635,505,2048,45.32435398795993,0.0031079587060958147,5554,11376640,0.0
-3.5898951787105178,-3.109166145324707,5557.009765625,-3.5930043451091622,506,2048,46.1974618629215,0.0031091663986444473,5565,11399168,0.0
-3.5711155646901895,-3.1102800369262695,5559.8251953125,-3.5742258449506332,507,2048,43.62500404355297,0.0031102802604436874,5576,11421696,0.0
-3.4445159496411,-3.1112289428710938,5562.482421875,-3.4476271786864165,508,2048,42.90139404686832,0.003111229045316577,5587,11444224,0.0
-3.5100899833264707,-3.1122090816497803,5565.54248046875,-3.513202192588797,509,2048,42.699122322695594,0.0031122092623263597,5598,11466752,0.0
-3.6711264684825475,-3.113222122192383,5568.546875,-3.6742396907910044,510,2048,46.69073622338166,0.0031132223084568977,5609,11489280,0.0
-3.635996472742295,-3.114339828491211,5571.4931640625,-3.6391108126378415,511,2048,46.392072116391525,0.0031143398955464363,5620,11511808,0.0
-3.621899280215333,-3.1155693531036377,5573.99462890625,-3.6250148496895087,512,2048,46.74116208238474,0.0031155694741755724,5631,11534336,0.0
-3.706709448517053,-3.1168744564056396,5576.53955078125,-3.709826323006986,513,2048,48.644150743735125,0.0031168744899332523,5642,11556864,0.0
-3.6722782774745637,-3.118258237838745,5578.923828125,-3.675396535909843,514,2048,48.3103786742737,0.003118258435279131,5653,11579392,0.0
-3.7147530875030137,-3.1196837425231934,5581.1806640625,-3.7178727713274933,515,2048,49.111582503130066,0.00311968382447958,5664,11601920,0.0
-3.6314088867119,-3.121140241622925,5583.44482421875,-3.634530027124886,516,2048,48.13012849004922,0.0031211404129862785,5675,11624448,0.0
-3.7380958533804893,-3.122591018676758,5585.74560546875,-3.741218444561216,517,2048,48.49526206442806,0.003122591180726886,5686,11646976,0.0
-3.719188921299703,-3.12406063079834,5587.88037109375,-3.7223129821074528,518,2048,49.68819148321658,0.003124060807749629,5697,11669504,0.0
-3.6997226205031044,-3.125562906265259,5589.92431640625,-3.702848183534167,519,2048,50.39567426707431,0.003125563031062484,5708,11692032,0.0
-3.705950169714143,-3.127112627029419,5592.06005859375,-3.7090772824659695,520,2048,48.6761975032189,0.003127112751826644,5719,11714560,0.0
-3.7334358642081176,-3.128692150115967,5594.2412109375,-3.7365645564830308,521,2048,49.386239278930816,0.003128692274913192,5730,11737088,0.0
-3.6365115306364837,-3.1302855014801025,5596.40087890625,-3.6396418161714914,522,2048,48.372721598424995,0.0031302855350077152,5741,11759616,0.0
-3.793455317625396,-3.131882667541504,5598.56982421875,-3.796587200378619,523,2048,50.91051608174094,0.0031318827532231808,5752,11782144,0.0
-3.788653764802636,-3.1335291862487793,5600.70068359375,-3.791787294134171,524,2048,51.24765770889552,0.003133529331535101,5763,11804672,0.0
-3.699097112526207,-3.1351685523986816,5602.48486328125,-3.702232281218304,525,2048,47.71688619289658,0.003135168692097068,5774,11827200,0.0
-3.6430764550427206,-3.136737823486328,5604.51806640625,-3.646213193013356,526,2048,46.43400251509709,0.003136737970635295,5785,11849728,0.0
-3.719156893682854,-3.138278007507324,5606.875,-3.722295171828197,527,2048,49.67968351346123,0.0031382781453430653,5796,11872256,0.0
-3.6438063010031243,-3.139899253845215,5609.03466796875,-3.646946200348239,528,2048,49.70063280462552,0.003139899345114827,5807,11894784,0.0
-3.6371551695404594,-3.1415750980377197,5611.23291015625,-3.640296744800547,529,2048,47.527602282331145,0.0031415752600878477,5818,11917312,0.0
-3.698260212928873,-3.1432271003723145,5613.1572265625,-3.7014034401223777,530,2048,50.551301092714226,0.003143227193504572,5829,11939840,0.0
-3.697356102019579,-3.1448683738708496,5615.34814453125,-3.700500970436291,531,2048,50.301461909666465,0.003144868416711688,5840,11962368,0.0
-3.764341716639061,-3.146528482437134,5617.505859375,-3.7674882453710925,532,2048,51.38125470164103,0.003146528732031584,5851,11984896,0.0
-3.8364784689048173,-3.148219585418701,5619.6572265625,-3.8396266886858137,533,2048,51.951488000422316,0.003148219780996442,5862,12007424,0.0
-3.7537611669941766,-3.149939775466919,5621.69140625,-3.7569111069279684,534,2048,48.90707921809401,0.0031499399337917566,5873,12029952,0.0
-3.6038970581428957,-3.1516051292419434,5623.59912109375,-3.6070486635142816,535,2048,47.878499756430315,0.0031516053713858128,5884,12052480,0.0
-3.7537774207544805,-3.153236150741577,5625.5419921875,-3.756930657104525,536,2048,51.19781604445545,0.003153236350044608,5895,12075008,0.0
-3.8101437005255563,-3.154971122741699,5627.79736328125,-3.8132986716967268,537,2048,50.602975605821435,0.003154971171170473,5906,12097536,0.0
-3.7873132566934427,-3.1567602157592773,5629.818359375,-3.7904700171681096,538,2048,51.42871504533027,0.003156760474666953,5917,12120064,0.0
-3.7749490888429666,-3.158487319946289,5632.08984375,-3.7781075762225176,539,2048,52.63534747660596,0.003158487379550934,5928,12142592,0.0
-3.7467855567403547,-3.160250186920166,5634.4775390625,-3.7499458071135394,540,2048,49.56406860590835,0.003160250373184681,5939,12165120,0.0
-3.8050202141222447,-3.16210675239563,5636.44384765625,-3.808182321086982,541,2048,53.160499813061165,0.003162106964737177,5950,12187648,0.0
-3.8534851790514253,-3.164059638977051,5638.3896484375,-3.856649238766771,542,2048,54.21726279525748,0.003164059715345502,5961,12210176,0.0
-3.868705402083084,-3.166057825088501,5640.14208984375,-3.8718714599510133,543,2048,53.61360644095598,0.0031660578679293394,5972,12232704,0.0
-3.8499683942499834,-3.1681160926818848,5641.76416015625,-3.8531365105736333,544,2048,54.035759636591095,0.0031681163236498833,5983,12255232,0.0
-3.804168275138645,-3.1701622009277344,5643.27197265625,-3.8073384375779913,545,2048,52.29996550424178,0.0031701624393463135,5994,12277760,0.0
-3.834747664143614,-3.172175884246826,5645.2685546875,-3.8379198401023666,546,2048,52.12259140617966,0.003172175958752632,6005,12300288,0.0
-3.7976011926492417,-3.1741771697998047,5647.14501953125,-3.800775370020207,547,2048,53.12391841393837,0.003174177370965481,6016,12322816,0.0
-3.825683848088604,-3.1761887073516846,5648.78369140625,-3.8288600368835,548,2048,53.23557174730307,0.0031761887948960066,6027,12345344,0.0
-3.8721987009299363,-3.1782126426696777,5650.74462890625,-3.8753769137216176,549,2048,53.54417262508332,0.0031782127916812897,6038,12367872,0.0
-3.814653359830392,-3.180293083190918,5652.66064453125,-3.8178336529638743,550,2048,53.86349189567756,0.003180293133482337,6049,12390400,0.0
-3.78095637857843,-3.182354211807251,5654.54541015625,-3.7841387329616007,551,2048,54.02002047991928,0.0031823543831706047,6060,12412928,0.0
-3.8248868355305365,-3.184454917907715,5656.18359375,-3.828071290511774,552,2048,54.69562621135607,0.00318445498123765,6071,12435456,0.0
-3.807037478731104,-3.1866109371185303,5657.962890625,-3.8102240897241018,553,2048,53.93185118747302,0.0031866109929978848,6082,12457984,0.0
-3.8320072350891246,-3.1887733936309814,5659.59423828125,-3.8351960086131407,554,2048,52.85655804410507,0.003188773524016142,6093,12480512,0.0
-3.848341109336913,-3.190903425216675,5661.27294921875,-3.851532013028488,555,2048,53.936886998250955,0.003190903691574931,6104,12503040,0.0
-3.733282444613977,-3.1930620670318604,5663.064453125,-3.7364755068784494,556,2048,51.46809880753742,0.003193062264472246,6115,12525568,0.0
-3.785361361806787,-3.195129871368408,5664.9287109375,-3.7885564918402057,557,2048,54.624404743643765,0.003195130033418536,6126,12548096,0.0
-3.7241803494463968,-3.1971986293792725,5667.17724609375,-3.727377548180084,558,2048,50.573617835640675,0.003197198733687401,6137,12570624,0.0
-3.7975359045888974,-3.1992533206939697,5669.13330078125,-3.800735158053015,559,2048,54.263442490115146,0.0031992534641176462,6148,12593152,0.0
-3.838360688879274,-3.201394557952881,5670.90185546875,-3.841562083686821,560,2048,55.33763160066708,0.003201394807547331,6159,12615680,0.0
-3.9095441981162695,-3.203644275665283,5672.83447265625,-3.912747842533496,561,2048,57.30503469354386,0.0032036444172263145,6170,12638208,0.0
-3.8778954961585015,-3.205976724624634,5674.779296875,-3.881101473073116,562,2048,56.73668623858434,0.003205976914614439,6181,12660736,0.0
-3.9531853734450357,-3.2083029747009277,5676.67578125,-3.956393676570611,563,2048,57.52317604558813,0.003208303125575185,6192,12683264,0.0
-3.8403142462637847,-3.210611343383789,5678.23193359375,-3.843524857672361,564,2048,54.71730380702968,0.0032106114085763693,6203,12705792,0.0
-3.846677002387513,-3.2129249572753906,5680.10791015625,-3.8498899274341953,565,2048,56.384104251824255,0.003212925046682358,6214,12728320,0.0
-3.794261125589135,-3.2152137756347656,5681.82861328125,-3.7974763395938753,566,2048,56.981081034759534,0.003215214004740119,6225,12750848,0.0
-3.900324042216676,-3.2175042629241943,5683.8388671875,-3.9035415465764576,567,2048,56.542134124403674,0.003217504359781742,6236,12773376,0.0
-3.918198289779937,-3.2198569774627686,5685.689453125,-3.9214181468933726,568,2048,57.518256394500995,0.0032198571134358644,6247,12795904,0.0
-3.964075765168692,-3.222269058227539,5687.23095703125,-3.9672980344075963,569,2048,57.14242026631376,0.0032222692389041185,6258,12818432,0.0
-3.97062442936729,-3.2247297763824463,5688.953125,-3.973849159393267,570,2048,58.16941258909617,0.0032247300259768963,6269,12840960,0.0
-3.812268785048397,-3.2271740436553955,5690.623046875,-3.815495959330471,571,2048,56.45671034449106,0.0032271742820739746,6280,12863488,0.0
-3.911036826614869,-3.229496955871582,5692.6044921875,-3.9142663236154442,572,2048,56.57216963260167,0.0032294970005750656,6291,12886016,0.0
-3.909929846477458,-3.2317681312561035,5694.392578125,-3.913161614740962,573,2048,57.471665550526616,0.003231768263503909,6302,12908544,0.0
-3.895635638791607,-3.234074354171753,5696.09033203125,-3.8988697132426364,574,2048,56.79608624670789,0.0032340744510293007,6313,12931072,0.0
-3.9456872603477304,-3.236482858657837,5698.23876953125,-3.9489237434317683,575,2048,56.43408901058649,0.0032364830840379,6324,12953600,0.0
-3.887697744751727,-3.2389750480651855,5700.1884765625,-3.8909367200549747,576,2048,56.975909404442525,0.003238975303247571,6335,12976128,0.0
-3.7572407449537852,-3.2413618564605713,5702.32421875,-3.760482107003961,577,2048,51.599793614437516,0.003241362050175667,6346,12998656,0.0
-3.8987482308984585,-3.2436065673828125,5704.58837890625,-3.9019918376688696,578,2048,57.05600422601512,0.0032436067704111338,6357,13021184,0.0
-3.9016868255597146,-3.2459752559661865,5706.76904296875,-3.9049328009162636,579,2048,58.081360019236186,0.0032459753565490246,6368,13043712,0.0
-3.99885914697282,-3.2484824657440186,5708.607421875,-4.002107629682571,580,2048,59.4297573762985,0.003248482709750533,6379,13066240,0.0
-3.942771141555193,-3.251106023788452,5710.3203125,-3.946022247800636,581,2048,59.68181472742275,0.003251106245443225,6390,13088768,0.0
-3.935712246930618,-3.2537715435028076,5711.9013671875,-3.9389660186212696,582,2048,59.98439877380626,0.0032537716906517744,6401,13111296,0.0
-3.9627004189306136,-3.2564022541046143,5713.580078125,-3.965956821374708,583,2048,57.77465005848722,0.0032564024440944195,6412,13133824,0.0
-3.9959920160636955,-3.2590346336364746,5715.46484375,-3.999251050891047,584,2048,59.05200573857148,0.00325903482735157,6423,13156352,0.0
-3.8899613677963543,-3.2616450786590576,5717.29931640625,-3.8932230131208825,585,2048,55.237697716132814,0.0032616453245282173,6434,13178880,0.0
-3.973322810104426,-3.2641701698303223,5719.30908203125,-3.9765869804772844,586,2048,58.54256877993345,0.0032641703728586435,6445,13201408,0.0
-3.985963755822713,-3.266834259033203,5721.01806640625,-3.989230590243796,587,2048,60.744972406785465,0.003266834421083331,6456,13223936,0.0
-4.040950994069994,-3.2695770263671875,5722.73291015625,-4.0442205712360595,588,2048,61.73751638886394,0.0032695771660655737,6467,13246464,0.0
-3.9133481180592624,-3.272371768951416,5724.39599609375,-3.9166204898915438,589,2048,56.45166353827876,0.003272371832281351,6478,13268992,0.0
-3.78771721447792,-3.2751450538635254,5725.84912109375,-3.7909923597888286,590,2048,56.77067671232352,0.003275145310908556,6489,13291520,0.0
-3.979760620221697,-3.2777633666992188,5727.70703125,-3.9830383837131933,591,2048,60.7172244850712,0.0032777634914964437,6500,13314048,0.0
-3.970972183775583,-3.2802281379699707,5729.84912109375,-3.974252412012273,592,2048,58.59679929123871,0.0032802282366901636,6511,13336576,0.0
-3.839852431301111,-3.28265380859375,5732.1494140625,-3.8431350851674466,593,2048,54.060041471801455,0.0032826538663357496,6522,13359104,0.0
-3.9096854940681425,-3.2850489616394043,5734.6923828125,-3.91297054329614,594,2048,58.597944220944164,0.0032850492279976606,6533,13381632,0.0
-3.9512372794595194,-3.2875430583953857,5737.1142578125,-3.954524822769372,595,2048,60.10399104325392,0.003287543309852481,6544,13404160,0.0
-3.9835161054447337,-3.2901787757873535,5738.88916015625,-3.9868062843974723,596,2048,60.40591528452858,0.0032901789527386427,6555,13426688,0.0
-4.008176989407765,-3.292949914932251,5741.00244140625,-4.011469939510825,597,2048,61.22063109144567,0.003292950103059411,6566,13449216,0.0
-3.9265501752014247,-3.295715093612671,5742.94189453125,-3.929845890401208,598,2048,57.00103447592587,0.0032957151997834444,6577,13471744,0.0
-3.9343419835112288,-3.2984249591827393,5745.00390625,-3.9376404086268737,599,2048,61.36947425779457,0.003298425115644932,6588,13494272,0.0
-3.9551132605793664,-3.3012118339538574,5746.6982421875,-3.958414472677816,600,2048,59.49702809675338,0.0033012120984494686,6599,13516800,0.0
