bc/samples_so_far,bc/entropy,bc/epoch,bc/prob_true_act,bc/l2_norm,bc/loss,bc/batch,bc/neglogp,bc/l2_loss,batch_size,bc/ent_loss
20480,2.8299760818481445,1,0.12683857988928943,443.1741027832031,2.145113489211651,9,2.1479434653586917,0.0,2048,-0.0028299761470407248
40960,2.811427354812622,2,0.13314749322322178,468.55548095703125,2.0475178909252563,19,2.0503293183862397,0.0,2048,-0.0028114274609833956
61440,2.790583610534668,3,0.1436757041325356,483.591796875,1.954020668931025,29,1.9568112526942967,0.0,2048,-0.00279058376327157
81920,2.7686848640441895,4,0.15517999804477953,493.81817626953125,1.8675074059002994,39,1.8702760910102127,0.0,2048,-0.002768685109913349
102400,2.7462737560272217,5,0.15901643632925916,501.68963623046875,1.8448582300930463,49,1.8476045040893547,0.0,2048,-0.002746273996308446
122880,2.723893642425537,6,0.1637547905631011,508.269287109375,1.8135281377328787,59,1.8162520315820578,0.0,2048,-0.0027238938491791487
143360,2.7016825675964355,7,0.16781733833582668,513.7697143554688,1.7903071176201744,69,1.7930088003572715,0.0,2048,-0.002701682737097144
163840,2.679703712463379,8,0.17126542210760962,517.4713134765625,1.7709444682873012,79,1.773624172044468,0.0,2048,-0.0026797037571668625
184320,2.6579744815826416,9,0.17589393908009957,520.8724365234375,1.7420507225848763,89,1.7447086971893935,0.0,2048,-0.0026579746045172215
204800,2.636448383331299,10,0.17945029257272432,524.427490234375,1.7238143263862191,99,1.726450774866408,0.0,2048,-0.0026364484801888466
225280,2.6151065826416016,11,0.1825208819332419,528.350830078125,1.7067640782895115,109,1.7093791850472417,0.0,2048,-0.0026151067577302456
245760,2.5939316749572754,12,0.18665486257130726,532.6284790039062,1.6846642421898008,119,1.6872581739318133,0.0,2048,-0.0025939317420125008
266240,2.572883129119873,13,0.19042200088788436,537.6517944335938,1.6650102666103799,129,1.6675831497637141,0.0,2048,-0.00257288315333426
286720,2.5519371032714844,14,0.19478227472872978,543.0669555664062,1.6428273041648742,139,1.645379241407844,0.0,2048,-0.0025519372429698706
307200,2.531078815460205,15,0.19849852688308142,548.7449340820312,1.6232184532262552,149,1.6257495321031827,0.0,2048,-0.002531078876927495
327680,2.5103163719177246,16,0.2026817648433546,554.9859008789062,1.6034173029492134,159,1.6059276193863237,0.0,2048,-0.002510316437110305
348160,2.489612579345703,17,0.20566872721944882,561.5398559570312,1.5901073493619065,169,1.5925969620325218,0.0,2048,-0.0024896126706153154
368640,2.4690001010894775,18,0.21129343510226867,568.3670043945312,1.5620980820045347,179,1.5645670821782673,0.0,2048,-0.0024690001737326384
389120,2.448455333709717,19,0.2144202892539743,574.9119873046875,1.5471448620503054,189,1.5495933174808727,0.0,2048,-0.0024484554305672646
409600,2.427968978881836,20,0.21758252902116026,581.4767456054688,1.5341410159942852,199,1.5365689851221787,0.0,2048,-0.002427969127893448
430080,2.4075422286987305,21,0.22306453052799835,588.3231201171875,1.5084017426466567,209,1.5108092850765211,0.0,2048,-0.0024075424298644066
450560,2.387200355529785,22,0.225853640552854,594.9514770507812,1.4962300721646036,219,1.4986172726467932,0.0,2048,-0.0023872004821896553
471040,2.3669471740722656,23,0.2301719360224282,602.1569213867188,1.4780703940494901,229,1.4804373412924803,0.0,2048,-0.002366947242990136
491520,2.3467049598693848,24,0.2357966852947501,609.8026123046875,1.4548295990211564,239,1.457176304200818,0.0,2048,-0.0023467051796615124
512000,2.3264660835266113,25,0.23999342432803447,617.9385986328125,1.4405856696295967,249,1.442912135772728,0.0,2048,-0.002326466143131256
532480,2.3062667846679688,26,0.24624494982728423,626.8882446289062,1.4105487669369448,259,1.4128550338575858,0.0,2048,-0.0023062669206410646
552960,2.2860918045043945,27,0.24999389684313358,637.1409301757812,1.3957172998593954,269,1.3980033917719332,0.0,2048,-0.002286091912537813
573440,2.265951633453369,28,0.2541945611848523,648.0848999023438,1.3820323224706996,279,1.3842982742997307,0.0,2048,-0.00226595182903111
593920,2.245828151702881,29,0.2596639084216512,660.6748657226562,1.3596483486337148,289,1.3618941769102149,0.0,2048,-0.002245828276500106
614400,2.225735664367676,30,0.26473804524549127,674.9188842773438,1.3408024956569449,299,1.3430282313473896,0.0,2048,-0.002225735690444708
634880,2.205653429031372,31,0.27051181751141246,691.2538452148438,1.3196654991262604,309,1.3218711527080287,0.0,2048,-0.0022056535817682743
655360,2.1855883598327637,32,0.27611134582058716,707.853515625,1.297746251319102,319,1.2999318397888309,0.0,2048,-0.0021855884697288275
675840,2.165523052215576,33,0.2809392641347386,724.5906372070312,1.2828691596058945,329,1.2850346827307533,0.0,2048,-0.002165523124858737
696320,2.145491123199463,34,0.2854828042953066,740.9414672851562,1.2664998391459197,339,1.268645330453521,0.0,2048,-0.0021454913076013327
716800,2.125542163848877,35,0.29278644309457924,758.0820922851562,1.2404189733472757,349,1.2425445157253288,0.0,2048,-0.002125542378053069
737280,2.105595827102661,36,0.2997758371231033,774.9733276367188,1.2157750046630196,359,1.2178806006726615,0.0,2048,-0.0021055960096418858
757760,2.0856189727783203,37,0.3026931381902249,791.5610961914062,1.209108552424059,369,1.2111941715644754,0.0,2048,-0.0020856191404163837
778240,2.0658011436462402,38,0.3094946147322205,808.1934204101562,1.1849532399674576,379,1.187019041261978,0.0,2048,-0.0020658012945204973
798720,2.0460281372070312,39,0.3155463357937034,823.0747680664062,1.1666999958511275,389,1.1687460240032357,0.0,2048,-0.0020460281521081924
819200,2.0261993408203125,40,0.32023752142170137,837.6368408203125,1.1528501122912749,399,1.154876311654447,0.0,2048,-0.0020261993631720543
839680,2.0063445568084717,41,0.32832129261222615,852.2501220703125,1.1281882933808407,409,1.1301946381108752,0.0,2048,-0.0020063447300344706
860160,1.9864674806594849,42,0.3339444150171116,867.0861206054688,1.1112518963450824,419,1.1132383638574068,0.0,2048,-0.0019864675123244524
880640,1.9666168689727783,43,0.33957418854038374,882.5828247070312,1.0949329284139244,429,1.0968995454840629,0.0,2048,-0.0019666170701384544
901120,1.9467930793762207,44,0.3465876695537467,898.4130249023438,1.0744848310659625,439,1.0764316242366083,0.0,2048,-0.001946793170645833
921600,1.9269495010375977,45,0.354929874816915,913.4782104492188,1.0496175221805044,449,1.0515444717774682,0.0,2048,-0.0019269495969638228
942080,1.907116174697876,46,0.3629524420603133,928.3717041015625,1.0260015321017226,459,1.0279086483695528,0.0,2048,-0.0019071162678301334
962560,1.887315273284912,47,0.3698418122075292,943.4879150390625,1.0082275173168846,469,1.0101148327354559,0.0,2048,-0.0018873154185712337
983040,1.8675569295883179,48,0.37135882273940657,958.8218383789062,1.0074019818790991,479,1.009269538940004,0.0,2048,-0.001867557060904801
1003520,1.8478410243988037,49,0.3782818341394253,973.13671875,0.9859902757278477,489,0.9878381168062632,0.0,2048,-0.001847841078415513
1024000,1.8282103538513184,50,0.3905872830906474,987.5956420898438,0.9532544401711408,499,0.9550826505994979,0.0,2048,-0.0018282104283571243
1044480,1.8085148334503174,51,0.39653697503646435,1001.6594848632812,0.9403526149444437,509,0.9421611298794081,0.0,2048,-0.001808514934964478
1064960,1.7887461185455322,52,0.4048383615442735,1015.6246948242188,0.9218565654261303,519,0.9236453116424647,0.0,2048,-0.0017887462163344026
1085440,1.768951654434204,53,0.4138217122302674,1029.4388427734375,0.8989877821706804,529,0.9007567339405986,0.0,2048,-0.0017689517699182034
1105920,1.7491607666015625,54,0.423607709481184,1043.494384765625,0.8718249970430094,539,0.8735741578589711,0.0,2048,-0.001749160815961659
1126400,1.7293925285339355,55,0.4315119428877614,1057.59228515625,0.8562320415901032,549,0.8579614341530961,0.0,2048,-0.0017293925629928708
1146880,1.709622859954834,56,0.43708095216217946,1071.8258056640625,0.8441770208390753,559,0.8458866437521155,0.0,2048,-0.0017096229130402207
1167360,1.6898837089538574,57,0.44908609448651565,1085.5938720703125,0.8143153150636888,569,0.8160051988275907,0.0,2048,-0.0016898837639018893
1187840,1.6701936721801758,58,0.44902934381895,1099.9361572265625,0.8163230112949571,579,0.8179932050369865,0.0,2048,-0.0016701937420293689
1208320,1.6505659818649292,59,0.4501021360970406,1114.4031982421875,0.8210913017274465,589,0.8227418677298005,0.0,2048,-0.0016505660023540258
1228800,1.6310863494873047,60,0.4487812421576114,1127.0177001953125,0.833919379366563,599,0.8355504658259464,0.0,2048,-0.0016310864593833685
1249280,1.6118011474609375,61,0.4711584221451748,1141.1854248046875,0.7736597947921781,609,0.7752715960057629,0.0,2048,-0.0016118012135848403
1269760,1.592421531677246,62,0.48677509396761903,1157.135498046875,0.7365999054121888,619,0.7381923269671491,0.0,2048,-0.0015924215549603105
1290240,1.5729237794876099,63,0.49789955057859986,1171.5577392578125,0.7138964944329331,629,0.7154694182841326,0.0,2048,-0.0015729238511994481
1310720,1.5532805919647217,64,0.50983222578953,1183.92919921875,0.6911582793593682,639,0.6927115599876545,0.0,2048,-0.001553280628286302
1331200,1.5335254669189453,65,0.5182569460976908,1195.685791015625,0.6754888020219976,649,0.6770223275522465,0.0,2048,-0.0015335255302488804
1351680,1.513794183731079,66,0.5309990753230727,1207.4661865234375,0.6518754096469377,659,0.6533892039442901,0.0,2048,-0.0015137942973524332
1372160,1.494074821472168,67,0.5412751684443087,1219.2252197265625,0.6288415990989933,669,0.6303356740378121,0.0,2048,-0.0014940749388188124
1392640,1.4743528366088867,68,0.5512605838719264,1231.066650390625,0.6142797058894773,679,0.6157540587922101,0.0,2048,-0.0014743529027327895
1413120,1.4545973539352417,69,0.5602853645660187,1242.461669921875,0.5987944701391517,689,0.6002490675946011,0.0,2048,-0.0014545974554494023
1433600,1.4349255561828613,70,0.5669639286752874,1253.8594970703125,0.5838917672426709,699,0.585326692837038,0.0,2048,-0.0014349255943670869
1454080,1.4155752658843994,71,0.5780147034263037,1265.1646728515625,0.5635982398145339,709,0.5650138152033529,0.0,2048,-0.0014155753888189793
1474560,1.3964354991912842,72,0.5920956362576233,1276.674072265625,0.5436797827957842,719,0.5450762183415416,0.0,2048,-0.001396435545757413
1495040,1.3771419525146484,73,0.6070095091655057,1287.620849609375,0.5189982723949196,729,0.5203754144293906,0.0,2048,-0.001377142034471035
1515520,1.3576276302337646,74,0.6147608595621136,1298.008056640625,0.5080061921299743,739,0.5093638198132935,0.0,2048,-0.0013576276833191514
1536000,1.337954044342041,75,0.6340621837185692,1307.9796142578125,0.4730958710865971,749,0.47443382516260413,0.0,2048,-0.0013379540760070086
1556480,1.3182016611099243,76,0.638434933072581,1317.81640625,0.47418799984448257,759,0.4755062016164199,0.0,2048,-0.0013182017719373107
1576960,1.2984607219696045,77,0.6539458737287207,1327.865966796875,0.4460082921585023,769,0.4473067529186561,0.0,2048,-0.00129846076015383
1597440,1.2787590026855469,78,0.6680720742195957,1337.825439453125,0.42345873216155117,779,0.4247374912583003,0.0,2048,-0.001278759096749127
1617920,1.259024739265442,79,0.6810149254456765,1347.6976318359375,0.4060665598809382,789,0.4073255847179925,0.0,2048,-0.0012590248370543122
1638400,1.239281415939331,80,0.6969043308828012,1357.4237060546875,0.3786325133103142,799,0.3798717948072786,0.0,2048,-0.001239281496964395
1658880,1.2195254564285278,81,0.7157074124984134,1367.396484375,0.35448671859077296,809,0.35570624405837736,0.0,2048,-0.0012195254676043987
1679360,1.199791669845581,82,0.7157913117627538,1377.623046875,0.3548592004541459,819,0.35605899212771674,0.0,2048,-0.0011997916735708714
1699840,1.1800768375396729,83,0.7401594394023026,1387.264404296875,0.3205505937342946,829,0.3217306705895294,0.0,2048,-0.0011800768552348018
1720320,1.1604015827178955,84,0.7406075377209012,1396.64404296875,0.3299465050909606,839,0.3311069067090687,0.0,2048,-0.0011604016181081533
1740800,1.140782117843628,85,0.7597390882869308,1406.1326904296875,0.296276772990838,849,0.29741755513475865,0.0,2048,-0.00114078214392066
1761280,1.1211354732513428,86,0.7857776672149237,1415.348388671875,0.2615299786054483,859,0.2626511141504115,0.0,2048,-0.001121135544963181
1781760,1.101423740386963,87,0.8045237992912774,1424.4913330078125,0.2356819036446296,869,0.23678332739805508,0.0,2048,-0.001101423753425479
1802240,1.0816596746444702,88,0.7931927283875204,1433.8897705078125,0.25342698276472503,879,0.2545086424561333,0.0,2048,-0.0010816596914082766
1822720,1.0624372959136963,89,0.8039377266283008,1444.394775390625,0.2505124304246787,889,0.2515748677345622,0.0,2048,-0.001062437309883535
1843200,1.043450117111206,90,0.8347789752962869,1454.191162109375,0.20619406359282347,899,0.20723751379654767,0.0,2048,-0.0010434502037242055
1863680,1.0241508483886719,91,0.8656777428840421,1463.986083984375,0.16461067222859407,909,0.1656348231002658,0.0,2048,-0.0010241508716717362
1884160,1.0045545101165771,92,0.8699298490937555,1473.4320068359375,0.16140190646896463,919,0.16240646103309792,0.0,2048,-0.0010045545641332865
1904640,0.9848515391349792,93,0.9004672560748623,1482.8848876953125,0.12457778264261088,929,0.12556263426277092,0.0,2048,-0.0009848516201600432
1925120,0.965032696723938,94,0.9115996833033289,1492.005126953125,0.11214980908049434,939,0.1131148418070206,0.0,2048,-0.0009650327265262604
1945600,0.9452049732208252,95,0.9246457580160286,1501.3819580078125,0.09994332935079317,949,0.10088853439432885,0.0,2048,-0.0009452050435356796
1966080,0.9253437519073486,96,0.950367626477904,1510.638671875,0.07068929974909018,959,0.07161464352381493,0.0,2048,-0.0009253437747247517
1986560,0.9056165218353271,97,0.9668216611900289,1519.814453125,0.05885003237713858,969,0.05975564893529549,0.0,2048,-0.0009056165581569076
2007040,0.88601154088974,98,0.9795889685420887,1528.8101806640625,0.04288365727776111,979,0.04376966885543809,0.0,2048,-0.0008860115776769817
2027520,0.8664236068725586,99,1.0106381347034301,1537.95654296875,0.008227827598549483,989,0.009094251250591186,0.0,2048,-0.0008664236520417035
2048000,0.846680760383606,100,1.029186019116956,1547.0201416015625,-0.0057997514088828275,999,-0.004953070631269754,0.0,2048,-0.0008466807776130736
2068480,0.8268418312072754,101,1.05607051151532,1556.0286865234375,-0.036992086768437835,1009,-0.0361652449078939,0.0,2048,-0.0008268418605439365
2088960,0.8070001602172852,102,1.06776303558051,1565.1915283203125,-0.04092254023639444,1019,-0.0401155400286797,0.0,2048,-0.0008070002077147365
2109440,0.7871007919311523,103,1.0997019822487124,1574.1954345703125,-0.0738833370609423,1029,-0.07309623624805639,0.0,2048,-0.0007871008128859103
2129920,0.7671895027160645,104,1.102834305908961,1582.3795166015625,-0.07659428824087862,1039,-0.07582709869718436,0.0,2048,-0.0007671895436942577
2150400,0.7473750114440918,105,1.1163726865540777,1591.2845458984375,-0.08837731928834869,1049,-0.08762994421450598,0.0,2048,-0.0007473750738427043
2170880,0.7277367115020752,106,1.1420109906312315,1600.1888427734375,-0.11136834889692462,1059,-0.11064061215655155,0.0,2048,-0.000727736740373075
2191360,0.7080948352813721,107,1.170508327839104,1608.3121337890625,-0.137059804654236,1069,-0.13635170979799988,0.0,2048,-0.00070809485623613
2211840,0.688448429107666,108,1.1067502165833014,1616.91650390625,-0.07175818901034849,1079,-0.07106974052023919,0.0,2048,-0.0006884484901092947
2232320,0.6702711582183838,109,1.0657387645556582,1628.206298828125,-0.023638188897024123,1089,-0.02296791772809553,0.0,2048,-0.0006702711689285934
2252800,0.6532886028289795,110,1.1604289313240703,1640.381591796875,-0.1048770976646778,1099,-0.104223809046482,0.0,2048,-0.000653288618195802
2273280,0.6356382369995117,111,1.2416524245450868,1651.2242431640625,-0.18969054674311808,1109,-0.18905490849214873,0.0,2048,-0.0006356382509693503
2293760,0.6169244050979614,112,1.2890361307280025,1660.33203125,-0.22485445114932995,1119,-0.22423752671955194,0.0,2048,-0.0006169244297780097
2314240,0.5976067781448364,113,1.3177273539007586,1668.2838134765625,-0.2522948635600049,1129,-0.2516972567394849,0.0,2048,-0.0005976068205200136
2334720,0.578087568283081,114,1.3473757738754815,1675.3150634765625,-0.27093237999586617,1139,-0.27035429241594156,0.0,2048,-0.0005780875799246132
2355200,0.5582774877548218,115,1.3872868805741394,1681.92041015625,-0.29917146607438566,1149,-0.29861318854053037,0.0,2048,-0.0005582775338552892
2375680,0.5382329225540161,116,1.4209923072366109,1688.1151123046875,-0.3353497310969765,1159,-0.3348114981278564,0.0,2048,-0.0005382329691201448
2396160,0.5180046558380127,117,1.457677590045209,1693.724365234375,-0.35913269765204836,1169,-0.3586146929510412,0.0,2048,-0.0005180047010071576
2416640,0.4976952075958252,118,1.469554663378796,1699.179931640625,-0.36046062372009224,1179,-0.35996292848688505,0.0,2048,-0.000497695233207196
2437120,0.47742652893066406,119,1.5011997959029657,1704.659423828125,-0.3828497245507585,1189,-0.3823722980108848,0.0,2048,-0.0004774265398737043
2457600,0.4572479724884033,120,1.5441453237219247,1710.304931640625,-0.41214554909804635,1199,-0.4116883011169432,0.0,2048,-0.00045724798110313714
2478080,0.4370988607406616,121,1.5492891025857913,1715.8828125,-0.41981807685419925,1209,-0.41938097797879026,0.0,2048,-0.00043709887540899217
2498560,0.41699326038360596,122,1.580974599600745,1721.4476318359375,-0.4378333919356028,1219,-0.4374163986556614,0.0,2048,-0.00041699327994138
2519040,0.39693593978881836,123,1.62446213312408,1727.1822509765625,-0.4616532266864115,1229,-0.461256290718683,0.0,2048,-0.0003969359677284956
2539520,0.37689411640167236,124,1.637460662505368,1732.9490966796875,-0.467327902866562,1239,-0.4669510087278086,0.0,2048,-0.00037689413875341415
2560000,0.3569084405899048,125,1.6878762899606843,1738.859619140625,-0.5025552951939292,1249,-0.5021983867428619,0.0,2048,-0.00035690845106728375
2580480,0.33680546283721924,126,1.7228476224114788,1744.719482421875,-0.5260327238155644,1259,-0.52569591834062,0.0,2048,-0.0003368054749444127
2600960,0.3166661262512207,127,1.6729692072669091,1750.244873046875,-0.47807725260884526,1269,-0.47776058646070796,0.0,2048,-0.0003166661481373012
2621440,0.29684877395629883,128,1.7596213152905178,1756.1767578125,-0.5443762693030505,1279,-0.544079420506044,0.0,2048,-0.00029684879700653255
2641920,0.2770669460296631,129,1.806325019997363,1761.4764404296875,-0.564196171237965,1289,-0.563919104285416,0.0,2048,-0.0002770669525489211
2662400,0.2572135925292969,130,1.8572110631005967,1767.0006103515625,-0.5976059225192074,1299,-0.5973487089192275,0.0,2048,-0.00025721359997987747
2682880,0.23713183403015137,131,1.9002231365621538,1772.416259765625,-0.6195672625436146,1309,-0.6193301307030652,0.0,2048,-0.0002371318405494094
2703360,0.2171550989151001,132,1.9498463051146913,1778.0887451171875,-0.6449591666308205,1319,-0.6447420115285294,0.0,2048,-0.00021715510229114443
2723840,0.1972486972808838,133,1.998939194790466,1783.7579345703125,-0.6727388309210249,1329,-0.6725415822130338,0.0,2048,-0.0001972487079910934
2744320,0.17725682258605957,134,2.011950420161629,1789.139404296875,-0.6792045353512495,1339,-0.6790272785155085,0.0,2048,-0.00017725683574099094
2764800,0.15737104415893555,135,2.0374724686079215,1794.3941650390625,-0.6882393496883588,1349,-0.6880819786414059,0.0,2048,-0.00015737104695290327
2785280,0.1373962163925171,136,1.9897347122133233,1799.7315673828125,-0.6582677405496443,1359,-0.6581303443200969,0.0,2048,-0.00013739622954744846
2805760,0.11775839328765869,137,2.06676532534341,1805.290283203125,-0.6948223419337136,1369,-0.6947045835355947,0.0,2048,-0.00011775839811889455
2826240,0.09817337989807129,138,2.1730072730036927,1810.6722412109375,-0.7559420597615081,1379,-0.7558438863786414,0.0,2048,-9.8173382866662e-05
2846720,0.0782705545425415,139,2.2539047620203023,1815.6304931640625,-0.7886423913279501,1389,-0.7885641207668883,0.0,2048,-7.827056106179953e-05
2867200,0.05809593200683594,140,2.2698895092667017,1820.3834228515625,-0.7976683624471905,1399,-0.7976102665122442,0.0,2048,-5.8095934946322814e-05
2887680,0.03831064701080322,141,2.308021999372742,1825.569091796875,-0.8110421649807218,1409,-0.811003854331761,0.0,2048,-3.831064896075986e-05
2908160,0.018746256828308105,142,2.326298451168141,1830.7642822265625,-0.8223000113112873,1419,-0.8222812650538769,0.0,2048,-1.8746257410384715e-05
2928640,-0.000544428825378418,143,2.30388664015449,1835.9862060546875,-0.8077996541752284,1429,-0.8078001986041001,0.0,2048,5.444288717626478e-07
2949120,-0.019422411918640137,144,2.3915974344613176,1841.6217041015625,-0.8424609087222577,1439,-0.8424803311344091,0.0,2048,1.942241215147078e-05
2969600,-0.038533806800842285,145,2.5045856939817903,1847.4056396484375,-0.8963211463811793,1449,-0.8963596801910361,0.0,2048,3.853380985674448e-05
2990080,-0.05820190906524658,146,2.564216387791772,1852.120361328125,-0.9190001394328526,1459,-0.9190583413457596,0.0,2048,5.82019129069522e-05
3010560,-0.07821333408355713,147,2.5970618610291276,1856.1944580078125,-0.9361653878491154,1469,-0.9362436011847706,0.0,2048,7.821333565516397e-05
3031040,-0.09837818145751953,148,2.615927870832262,1860.08154296875,-0.939254258084592,1479,-0.9393526362711135,0.0,2048,9.837818652158603e-05
3051520,-0.11848056316375732,149,2.6773887604327964,1864.351318359375,-0.957255506821336,1489,-0.9573739873873519,0.0,2048,0.00011848056601593271
3072000,-0.13849341869354248,150,2.7212913011424273,1868.7890625,-0.9830861832150632,1499,-0.983224676644467,0.0,2048,0.0001384934294037521
3092480,-0.15840959548950195,151,2.7804307586326953,1873.0433349609375,-1.0015489806744942,1509,-1.001707390277085,0.0,2048,0.00015840960259083658
3112960,-0.1782846450805664,152,2.886756166573385,1876.890869140625,-1.0379445431479464,1519,-1.0381228278000119,0.0,2048,0.00017828465206548572
3133440,-0.19809460639953613,153,2.8524944041858804,1880.985107421875,-1.022145367625095,1529,-1.0223434622359182,0.0,2048,0.00019809461082331836
3153920,-0.21780169010162354,154,2.887822000375829,1885.1641845703125,-1.0373856021020413,1539,-1.0376034038041337,0.0,2048,0.00021780170209240168
3174400,-0.23748815059661865,155,3.045755648176372,1889.533203125,-1.092630240675843,1549,-1.0928677288345887,0.0,2048,0.00023748815874569118
3194880,-0.25752484798431396,156,2.968849014101848,1893.704833984375,-1.0658411603936517,1559,-1.0660986852590983,0.0,2048,0.00025752486544661224
3215360,-0.27747809886932373,157,3.219781505132528,1897.778076171875,-1.1492769230378994,1569,-1.1495544011402612,0.0,2048,0.0002774781023617834
3235840,-0.297243595123291,158,3.060095706277283,1901.9107666015625,-1.0901562658761765,1579,-1.090453509495747,0.0,2048,0.0002972436195705086
3256320,-0.31657838821411133,159,3.279533521362019,1906.557861328125,-1.16697618581629,1589,-1.1672927642163784,0.0,2048,0.00031657840008847415
3276800,-0.33622682094573975,160,3.332101422128065,1910.703125,-1.1807781801860693,1599,-1.1811144070186566,0.0,2048,0.00033622683258727193
3297280,-0.35606133937835693,161,3.4160561246352827,1914.8297119140625,-1.2103732564420209,1609,-1.2107293177969989,0.0,2048,0.00035606135497801006
3317760,-0.3760387897491455,162,3.481603256040858,1918.7750244140625,-1.2221186304357183,1619,-1.2224946692419985,0.0,2048,0.0003760388062801212
3338240,-0.3961164951324463,163,3.5896767721570333,1922.60693359375,-1.2555384575460522,1629,-1.2559345740663304,0.0,2048,0.0003961165202781558
3358720,-0.4164365530014038,164,3.6436311522264098,1926.1793212890625,-1.2713810554297673,1639,-1.2717974920116397,0.0,2048,0.0004164365818724036
3379200,-0.4361766576766968,165,3.645069419715859,1929.927978515625,-1.2711771584336806,1649,-1.2716133351251178,0.0,2048,0.0004361766914371401
3399680,-0.45193636417388916,166,1.247676573438138,1935.0771484375,0.6601512452766876,1659,0.6596993088901619,0.0,2048,0.00045193638652563095
3420160,-0.40265631675720215,167,0.6927261663528029,2059.466552734375,3.314159756421116,1669,3.3137571000955113,0.0,2048,0.0004026563256047666
3440640,-0.3429821729660034,168,1.1121579435567142,2207.27783203125,1.1735532253952243,1679,1.173210243214342,0.0,2048,0.0003429821808822453
3461120,-0.30785393714904785,169,1.6094853241885638,2276.8701171875,0.508127232753485,1689,0.5078193788086526,0.0,2048,0.0003078539448324591
3481600,-0.286968469619751,170,1.4905739649292764,2305.7587890625,0.6266465158214665,1699,0.6263595473383425,0.0,2048,0.0002869684831239283
3502080,-0.2723960876464844,171,1.5973578938743616,2318.53759765625,0.5368133285308292,1709,0.5365409324229264,0.0,2048,0.00027239610790275037
3522560,-0.26087284088134766,172,1.6595948978090354,2325.491943359375,0.3765811000662237,1719,0.37632022721253666,0.0,2048,0.00026087285368703306
3543040,-0.25103890895843506,173,1.6845323244170622,2329.791748046875,0.3007733489258926,1729,0.3005223099945824,0.0,2048,0.00025103893131017685
3563520,-0.24233496189117432,174,1.643664962455544,2333.5732421875,0.3173029087150628,1739,0.31706057373536006,0.0,2048,0.00024233497970271856
3584000,-0.23413240909576416,175,1.7387727077383537,2336.8115234375,0.10646261116595207,1749,0.10622847875161762,0.0,2048,0.00023413241433445364
3604480,-0.226629376411438,176,1.702626091125128,2340.03955078125,0.1655390857196226,1759,0.16531245633098754,0.0,2048,0.00022662938863504678
3624960,-0.21953117847442627,177,1.662642577127896,2343.452392578125,0.2994395616524126,1769,0.2992200304697472,0.0,2048,0.00021953118266537786
3645440,-0.21285784244537354,178,1.6483688374171062,2346.737060546875,0.29155772895998333,1779,0.2913448711110187,0.0,2048,0.00021285784896463156
3665920,-0.20645511150360107,179,1.6739686475331386,2350.14111328125,0.2515979499733104,1789,0.25139149485063095,0.0,2048,0.00020645512267947197
3686400,-0.20026397705078125,180,1.7308618279193122,2353.584228515625,0.1270939556064401,1799,0.12689369162519837,0.0,2048,0.00020026398124173284
3706880,-0.19456100463867188,181,1.6854814337101867,2358.437255859375,0.19007081919184332,1809,0.18987625817893916,0.0,2048,0.00019456101290415972
3727360,-0.18900692462921143,182,1.7030028231334964,2363.174072265625,0.18751725076132725,1819,0.18732824382156404,0.0,2048,0.00018900693976320326
3747840,-0.1837635040283203,183,1.6618805869211943,2367.692138671875,0.1692437624765683,1829,0.16905999897021168,0.0,2048,0.00018376350635662675
3768320,-0.17871630191802979,184,1.7235160334946027,2372.168212890625,0.10422267182443395,1839,0.10404395551890705,0.0,2048,0.00017871630552690476
3788800,-0.17398273944854736,185,1.7258471976707517,2376.6328125,0.08972759983806726,1849,0.08955361709594116,0.0,2048,0.00017398274212609977
3809280,-0.16942846775054932,186,1.7445197988485606,2381.33837890625,0.09001348644840522,1859,0.0898440579755324,0.0,2048,0.00016942847287282348
3829760,-0.16507279872894287,187,1.6539525531089363,2386.129638671875,0.11794969736863083,1869,0.11778462456047224,0.0,2048,0.00016507280815858394
3850240,-0.1608870029449463,188,1.7138622336482352,2390.87841796875,0.12404838935770016,1879,0.12388750234974935,0.0,2048,0.00016088700795080513
3870720,-0.15693223476409912,189,1.6875992306282388,2395.4970703125,0.1344144105910422,1889,0.1342574783425411,0.0,2048,0.0001569322485011071
3891200,-0.15313589572906494,190,1.727369953217831,2400.1103515625,0.01774534438135025,1899,0.017592208480149665,0.0,2048,0.00015313590120058507
3911680,-0.14957916736602783,191,1.6899388982618881,2404.454345703125,0.051478017620609814,1909,0.051328438440321686,0.0,2048,0.00014957918028812855
3932160,-0.14610815048217773,192,1.719207269952873,2410.4072265625,0.001402325419325938,1919,0.001256217263721486,0.0,2048,0.0001461081556044519
3952640,-0.14281010627746582,193,1.674135477321977,2416.28173828125,0.06538028590094377,1929,0.06523747579140668,0.0,2048,0.00014281010953709483
3973120,-0.13960886001586914,194,1.6954550710156573,2421.0380859375,0.030474576942879333,1939,0.030334968080069497,0.0,2048,0.00013960886280983686
3993600,-0.13663482666015625,195,1.684836699142946,2425.4541015625,0.04407572964946932,1949,0.043939094819782365,0.0,2048,0.00013663482968695462
4014080,-0.1337430477142334,196,1.6763320453037722,2429.650634765625,0.028149454420157385,1959,0.028015711361616527,0.0,2048,0.00013374305854085833
4034560,-0.13109982013702393,197,1.6717784490797734,2433.548828125,0.05054849966335618,1969,0.05041739984380123,0.0,2048,0.00013109981955494732
4055040,-0.12868356704711914,198,1.674422233032728,2437.355712890625,0.035887764823624546,1979,0.03575908124772986,0.0,2048,0.0001286835758946836
4075520,-0.12642574310302734,199,1.6898226288067473,2441.187255859375,0.017276704554119338,1989,0.01715027880973574,0.0,2048,0.00012642574438359588
4096000,-0.12427389621734619,200,1.6604519235258812,2444.931396484375,-0.015530176544934878,1999,-0.01565445045395791,0.0,2048,0.0001242739090230316
4116480,-0.12214410305023193,201,1.659687377160985,2448.772216796875,0.016334056941659642,2009,0.01621191283639752,0.0,2048,0.00012214410526212305
4136960,-0.12017714977264404,202,1.7176054853803882,2452.468994140625,-0.04214147244285008,2019,-0.04226164959483462,0.0,2048,0.00012017715198453516
4157440,-0.118324875831604,203,1.7402093566167065,2456.153564453125,-0.09271191451897726,2029,-0.09283023940132812,0.0,2048,0.00011832488235086203
4177920,-0.11676454544067383,204,1.731075278060461,2459.666748046875,-0.04771372903259897,2039,-0.04783049358583947,0.0,2048,0.00011676455324050039
4198400,-0.11513566970825195,205,1.7104189105868497,2463.172119140625,-0.02362658792009497,2049,-0.023741723597428425,0.0,2048,0.00011513567733345553
4218880,-0.1135246753692627,206,1.6832041936378674,2466.983154296875,-0.03449983742766551,2059,-0.03461336210611978,0.0,2048,0.00011352467845426872
4239360,-0.11191999912261963,207,1.7372629594222713,2470.38623046875,-0.10406542331510434,2069,-0.10417734331748658,0.0,2048,0.00011192000238224864
4259840,-0.11072492599487305,208,1.6842703106148678,2473.5986328125,-0.023804100626277164,2079,-0.02391482555989724,0.0,2048,0.00011072493362007663
4280320,-0.10969150066375732,209,1.6200378142203706,2476.83740234375,0.04092946619633864,2089,0.040819774688806376,0.0,2048,0.00010969150753226131
4300800,-0.10860872268676758,210,1.6967972544987187,2480.244384765625,-0.08231614453276563,2099,-0.08242475326138958,0.0,2048,0.00010860872862394899
4321280,-0.10768592357635498,211,1.7261757052498186,2483.55859375,-0.05255669517438971,2109,-0.05266438110058541,0.0,2048,0.00010768592619569972
4341760,-0.10684394836425781,212,1.7213061561055472,2486.856689453125,-0.12385578554099597,2119,-0.12396262949337655,0.0,2048,0.00010684395238058642
4362240,-0.10613572597503662,213,1.7057923131848827,2490.24755859375,-0.10298398844478568,2129,-0.10309012417727997,0.0,2048,0.00010613573249429464
4382720,-0.10569560527801514,214,1.7147210723278103,2493.623779296875,-0.07622403651368061,2139,-0.07632973212349882,0.0,2048,0.00010569560981821269
4403200,-0.10530495643615723,215,1.7384787907200792,2496.9189453125,-0.10470066950014614,2149,-0.10480597446380005,0.0,2048,0.00010530496365390718
4423680,-0.10511445999145508,216,1.69323386627117,2500.299560546875,-0.012359995590068104,2159,-0.012465110054599757,0.0,2048,0.00010511446453165263
4444160,-0.10491335391998291,217,1.727928447846394,2503.615234375,-0.13323462998843918,2169,-0.13333954334550238,0.0,2048,0.0001049133570631966
4464640,-0.10492026805877686,218,1.6954011216276275,2507.007568359375,-0.06285074266793689,2179,-0.06295566294443578,0.0,2048,0.00010492027649888769
4485120,-0.10494530200958252,219,1.7033123905918486,2510.37841796875,-0.08088743096824438,2189,-0.08099237627403746,0.0,2048,0.00010494530579308048
4505600,-0.10504269599914551,220,1.6836763056875763,2513.609619140625,-0.07204271796479231,2199,-0.07214776066655401,0.0,2048,0.00010504270176170394
4526080,-0.10515105724334717,221,1.7469758558467419,2516.982666015625,-0.10931825302813436,2209,-0.10942340409073281,0.0,2048,0.00010515106259845197
4546560,-0.10531008243560791,222,1.7450462045911073,2520.2880859375,-0.12211688820170513,2219,-0.1222221982876332,0.0,2048,0.00010531008592806756
4567040,-0.10560762882232666,223,1.7531852307834006,2523.482421875,-0.15332222582700156,2229,-0.15342783346321626,0.0,2048,0.0001056076362146996
4587520,-0.10617148876190186,224,1.7041021016641253,2526.83642578125,-0.08620902048817194,2239,-0.08631519198199791,0.0,2048,0.00010617149382596835
4608000,-0.10665535926818848,225,1.7656120654131495,2530.323974609375,-0.1757034943033533,2249,-0.1758101496701885,0.0,2048,0.0001066553668351844
4628480,-0.10726714134216309,226,1.7750429055234256,2533.449951171875,-0.17726716471951384,2259,-0.17737443186341714,0.0,2048,0.00010726714390330017
4648960,-0.10796499252319336,227,1.7254422127726277,2536.884521484375,-0.14208485261011966,2269,-0.14219281760566965,0.0,2048,0.00010796499554999173
4669440,-0.10869359970092773,228,1.7349023452296,2540.072021484375,-0.14745960913313033,2279,-0.14756830273579985,0.0,2048,0.00010869360266951844
4689920,-0.10854458808898926,229,1.1130135720821817,2543.33447265625,0.6806629177626807,2289,0.6805543731716232,0.0,2048,0.00010854459105757996
4710400,-0.10050475597381592,230,1.5159554079781603,2547.067626953125,0.18715843948671881,2299,0.1870579347269615,0.0,2048,0.00010050475975731388
4730880,-0.09296596050262451,231,1.484141111825831,2550.0634765625,0.15569930238904553,2309,0.15560633642359525,0.0,2048,9.296596545027569e-05
4751360,-0.08727467060089111,232,1.557494829455799,2552.0234375,0.07933694994142736,2319,0.07924967526640268,0.0,2048,8.727467502467334e-05
4771840,-0.08325791358947754,233,1.6472482876168684,2553.91748046875,-0.02858304951120522,2329,-0.028666307428345365,0.0,2048,8.325791714014485e-05
4792320,-0.08063077926635742,234,1.668200977234394,2555.888427734375,-0.0931298781421269,2339,-0.09321050892197534,0.0,2048,8.063077984843403e-05
4812800,-0.07913732528686523,235,1.668708235370075,2557.71826171875,-0.08351228328956783,2349,-0.0835914206209083,0.0,2048,7.913733134046197e-05
4833280,-0.07835400104522705,236,1.7002266033774613,2559.90966796875,-0.09349753593882888,2359,-0.0935758899405726,0.0,2048,7.835400174371898e-05
4853760,-0.07812631130218506,237,1.7312217517914872,2562.53466796875,-0.15936165075644598,2369,-0.15943977707164808,0.0,2048,7.812631520209834e-05
4874240,-0.0784987211227417,238,1.7101451772372112,2565.116943359375,-0.13123948608573213,2379,-0.13131798481354875,0.0,2048,7.84987278166227e-05
4894720,-0.07917988300323486,239,1.7245175240995825,2567.931640625,-0.14098398556982591,2389,-0.14106316545824246,0.0,2048,7.917988841654733e-05
4915200,-0.08020365238189697,240,1.704112025014474,2570.497802734375,-0.15508928221012963,2399,-0.15516948586943824,0.0,2048,8.020365930860862e-05
4935680,-0.08135426044464111,241,1.7620584839238704,2573.2548828125,-0.18115757783839065,2409,-0.18123893210308445,0.0,2048,8.135426469380036e-05
4956160,-0.08268165588378906,242,1.750904738342711,2575.833251953125,-0.20986768531760702,2419,-0.20995036697890412,0.0,2048,8.268166129710153e-05
4976640,-0.0842287540435791,243,1.7669107108570152,2578.716064453125,-0.22134301431094755,2429,-0.2214272430663881,0.0,2048,8.422875544056296e-05
4997120,-0.08590948581695557,244,1.737834802382772,2581.34619140625,-0.17157425299761972,2439,-0.17166016248471724,0.0,2048,8.59094870975241e-05
5017600,-0.08756661415100098,245,1.7620471183392001,2584.123291015625,-0.2035159088264352,2449,-0.20360347544198318,0.0,2048,8.756661554798484e-05
5038080,-0.08926093578338623,246,1.7315837916333063,2586.72412109375,-0.21011736005853698,2459,-0.21020662099723075,0.0,2048,8.926093869376928e-05
5058560,-0.0911109447479248,247,1.7657956575075078,2589.376953125,-0.22826276589349387,2469,-0.2283538768389985,0.0,2048,9.11109455046244e-05
5079040,-0.09315478801727295,248,1.7547903828834022,2592.347412109375,-0.21249716314094502,2479,-0.2125903179320473,0.0,2048,9.315479110227898e-05
5099520,-0.09534871578216553,249,1.7584788968980316,2595.27001953125,-0.18757714661058456,2489,-0.1876724953284622,0.0,2048,9.534871787764132e-05
5120000,-0.09768199920654297,250,1.7950847749364867,2598.156005859375,-0.25775305221627615,2499,-0.25785073421734533,0.0,2048,9.768200106918812e-05
5140480,-0.10013926029205322,251,1.8073585722391194,2601.22216796875,-0.24049924984628712,2509,-0.2405993891128656,0.0,2048,0.0001001392665784806
5160960,-0.10270166397094727,252,1.8141511900753993,2604.1484375,-0.26947467276747805,2519,-0.26957737443715335,0.0,2048,0.00010270166967529804
5181440,-0.10530054569244385,253,1.8495578589452855,2607.343505859375,-0.30434093064438883,2529,-0.30444623119153646,0.0,2048,0.00010530054714763537
5201920,-0.10794103145599365,254,1.7574374394618268,2610.539794921875,-0.21198837788075972,2539,-0.2120963189165813,0.0,2048,0.00010794103582156822
5222400,-0.11054730415344238,255,1.8419229496504739,2613.717041015625,-0.2723437853204176,2549,-0.2724543326333604,0.0,2048,0.00011054731294279918
5242880,-0.11304664611816406,256,1.8625854500326626,2617.122802734375,-0.30388731716866135,2559,-0.30400036381670037,0.0,2048,0.00011304664803901687
5263360,-0.11579513549804688,257,1.8245230446528669,2620.5400390625,-0.2626783396219421,2569,-0.26279413476296987,0.0,2048,0.00011579514102777466
5283840,-0.11877334117889404,258,1.8481424639834276,2623.813720703125,-0.2759775674734627,2579,-0.27609634081673706,0.0,2048,0.00011877334327436984
5304320,-0.12182450294494629,259,1.8328583055605543,2627.253173828125,-0.25686797773240416,2589,-0.2569898022412281,0.0,2048,0.00012182450882392004
5324800,-0.12498843669891357,260,1.8727938724415427,2630.56201171875,-0.3157942790802117,2599,-0.31591926751737626,0.0,2048,0.00012498843716457486
5345280,-0.1282970905303955,261,1.8285977879289779,2633.841064453125,-0.2585812096885243,2609,-0.25870950678010246,0.0,2048,0.0001282970915781334
5365760,-0.13163542747497559,262,1.9071989139110732,2637.4189453125,-0.3083661386671918,2619,-0.30849777409909057,0.0,2048,0.00013163543189875782
5386240,-0.13509631156921387,263,1.8738212043752704,2640.9794921875,-0.30416905663936983,2629,-0.30430415295326735,0.0,2048,0.0001350963138975203
5406720,-0.1387389898300171,264,1.8885959337574525,2644.71142578125,-0.2927043509027176,2639,-0.29284308989569086,0.0,2048,0.00013873899297323078
5427200,-0.14242351055145264,265,1.8743031761055224,2648.402099609375,-0.30216096397394193,2649,-0.30230338749729907,0.0,2048,0.00014242352335713804
5447680,-0.1461554765701294,266,1.8960116316767617,2652.22021484375,-0.3314678230971727,2659,-0.3316139785756055,0.0,2048,0.00014615547843277454
5468160,-0.14992380142211914,267,1.8975404968836782,2655.999267578125,-0.3212417149395642,2669,-0.3213916387528607,0.0,2048,0.00014992381329648197
5488640,-0.15365231037139893,268,1.928157979492397,2659.875,-0.3340154145233398,2679,-0.33416906684290804,0.0,2048,0.00015365231956820935
5509120,-0.15743613243103027,269,1.9386929633590748,2663.83935546875,-0.34268737108278724,2689,-0.34284480722045696,0.0,2048,0.00015743613766971976
5529600,-0.16136598587036133,270,1.99050548514367,2667.82666015625,-0.40799069951106415,2699,-0.4081520655098566,0.0,2048,0.00016136599879246205
5550080,-0.1653757095336914,271,1.95331037655362,2671.994384765625,-0.3790397868917175,2709,-0.3792051626125435,0.0,2048,0.00016537572082597762
5570560,-0.16945576667785645,272,1.9847495581517802,2676.00830078125,-0.3720588937066775,2719,-0.3722283494789433,0.0,2048,0.0001694557722657919
5591040,-0.17373502254486084,273,1.9704420537948424,2680.03173828125,-0.3307932431855251,2729,-0.3309669782103983,0.0,2048,0.00017373502487316728
5611520,-0.17795312404632568,274,1.958411922077377,2684.1845703125,-0.33653779271477335,2739,-0.3367157458451061,0.0,2048,0.00017795313033275306
5632000,-0.1821516752243042,275,1.990421472537903,2688.45849609375,-0.35470769941432456,2749,-0.35488985109234283,0.0,2048,0.00018215167801827192
5652480,-0.18643712997436523,276,1.9913584410111727,2692.803955078125,-0.36752623276372665,2759,-0.3677126699080201,0.0,2048,0.00018643714429344982
5672960,-0.1908421516418457,277,2.0108871255376872,2696.898193359375,-0.37220590147863575,2769,-0.372396743633188,0.0,2048,0.00019084215455222875
5693440,-0.19542503356933594,278,2.0495320610319743,2701.180908203125,-0.4122208888772979,2779,-0.41241631392472067,0.0,2048,0.00019542504742275923
5713920,-0.20025849342346191,279,2.069705186540112,2705.406494140625,-0.4371744613359584,2789,-0.43737471984568,0.0,2048,0.00020025850972160697
5734400,-0.20527899265289307,280,2.050545015461866,2709.554443359375,-0.37301672047309087,2799,-0.37322199948087775,0.0,2048,0.0002052790077868849
5754880,-0.21037280559539795,281,2.0274215560014106,2713.8037109375,-0.4078727461380059,2809,-0.408083118956407,0.0,2048,0.00021037281840108335
5775360,-0.21536314487457275,282,2.0146778435678874,2718.24560546875,-0.36381028826680717,2819,-0.36402565141715326,0.0,2048,0.00021536315034609288
5795840,-0.220239520072937,283,2.0596629354929705,2722.587158203125,-0.41620920674552686,2829,-0.4164294462717698,0.0,2048,0.00022023952624294907
5816320,-0.22524404525756836,284,2.136736273154598,2726.9580078125,-0.4941399585348196,2839,-0.49436520259567684,0.0,2048,0.00022524406085722148
5836800,-0.23055589199066162,285,2.1131567705720613,2731.395751953125,-0.4259121614134869,2849,-0.4261427173163042,0.0,2048,0.00023055590281728655
5857280,-0.23580336570739746,286,2.140835359035952,2735.840087890625,-0.4443948827723869,2859,-0.4446306861540432,0.0,2048,0.00023580338165629655
5877760,-0.24131834506988525,287,2.164146701832729,2740.35009765625,-0.4580294071334571,2869,-0.4582707254872581,0.0,2048,0.0002413183538010344
5898240,-0.24685454368591309,288,2.1448439669967563,2745.005126953125,-0.47611814389283225,2879,-0.47636499845002234,0.0,2048,0.0002468545571900904
5918720,-0.25239264965057373,289,2.1888044780130214,2749.70849609375,-0.49807588170610056,2889,-0.4983282743729806,0.0,2048,0.00025239266688004136
5939200,-0.25808286666870117,290,2.1802767052569645,2754.365966796875,-0.4706191168840961,2899,-0.47087719975728404,0.0,2048,0.0002580828731879592
5959680,-0.26375114917755127,291,2.2392004611218965,2758.8671875,-0.5501740306641092,2909,-0.5504377818284207,0.0,2048,0.0002637511643115431
5980160,-0.26972687244415283,292,2.1680040038603545,2763.49169921875,-0.485679490659959,2919,-0.48594921753915526,0.0,2048,0.0002697268791962415
6000640,-0.2754884958267212,293,2.2318705032065087,2768.298828125,-0.5108430185262155,2929,-0.5111185070325196,0.0,2048,0.00027548850630410016
6021120,-0.2812992334365845,294,2.2496947337910367,2773.108642578125,-0.5244717813282949,2939,-0.5247530805889726,0.0,2048,0.0002812992606777698
6041600,-0.28737640380859375,295,2.284140033225637,2777.981689453125,-0.5601579368127647,2949,-0.5604453132442802,0.0,2048,0.00028737643151544034
6062080,-0.2936927080154419,296,2.21041679255136,2782.77734375,-0.46003149508511076,2959,-0.4603251878045349,0.0,2048,0.00029369271942414343
6082560,-0.29991090297698975,297,2.3498034590849084,2787.589111328125,-0.5976727669800448,2969,-0.597972677907469,0.0,2048,0.00029991092742420733
6103040,-0.3062821626663208,298,2.2974454768639774,2792.492431640625,-0.5374830861036825,2979,-0.5377893682670473,0.0,2048,0.00030628216336481273
6123520,-0.31267011165618896,299,2.3470709676760073,2797.369140625,-0.5545057464725716,2989,-0.5548184166065795,0.0,2048,0.00031267013400793076
6144000,-0.3190040588378906,300,2.3507289227919204,2802.340576171875,-0.5573118421759926,2999,-0.5576308462639343,0.0,2048,0.0003190040879417211
6164480,-0.3256511688232422,301,2.413472575180068,2807.1708984375,-0.5854186787140461,3009,-0.5857443298840335,0.0,2048,0.0003256511699873954
6184960,-0.3324441909790039,302,2.365713033372872,2812.0625,-0.5796616689622878,3019,-0.5799941131700306,0.0,2048,0.00033244420774281025
6205440,-0.33925390243530273,303,2.4088413278217007,2816.92919921875,-0.5892106899846734,3029,-0.5895499439066665,0.0,2048,0.0003392539219930768
6225920,-0.3460935354232788,304,2.4234088820773385,2821.98974609375,-0.560612506792199,3039,-0.56095860034718,0.0,2048,0.0003460935549810529
6246400,-0.3531227111816406,305,2.479855330131615,2827.0361328125,-0.6339094240625271,3049,-0.6342625468037439,0.0,2048,0.00035312274121679366
6266880,-0.3603323698043823,306,2.4942203634433566,2832.135009765625,-0.630663386267033,3059,-0.6310237186673382,0.0,2048,0.00036033240030519664
6287360,-0.3677026033401489,307,2.4935006954168584,2837.06103515625,-0.6392653522296132,3069,-0.6396330548548395,0.0,2048,0.00036770262522622943
6307840,-0.3750547170639038,308,2.4606461517978024,2842.146240234375,-0.5993290979252183,3079,-0.599704152672783,0.0,2048,0.00037505474756471813
6328320,-0.38215482234954834,309,2.5037804819088865,2847.1015625,-0.6534655547298177,3089,-0.6538477095605492,0.0,2048,0.0003821548307314515
6348800,-0.38941311836242676,310,2.5595441110880266,2852.328125,-0.680150962951937,3099,-0.6805403760742575,0.0,2048,0.0003894131223205477
6369280,-0.3967951536178589,311,2.612379569042556,2857.4453125,-0.7072093334608707,3109,-0.7076061286242674,0.0,2048,0.0003967951633967459
6389760,-0.4045146703720093,312,2.6029482871619,2862.534423828125,-0.7057536681509321,3119,-0.706158182843423,0.0,2048,0.0004045146924909204
6410240,-0.4124424457550049,313,2.5523086673292306,2867.813232421875,-0.6368778441051429,3129,-0.6372902865646349,0.0,2048,0.00041244245949201286
6430720,-0.4197474718093872,314,2.63224406195567,2873.04833984375,-0.6960804729024002,3139,-0.696500220394233,0.0,2048,0.00041974749183282256
6451200,-0.42700040340423584,315,2.6752263063413495,2878.421142578125,-0.7153944715328071,3149,-0.7158214719611242,0.0,2048,0.0004270004283171147
6471680,-0.434672474861145,316,2.6791835457356905,2883.692626953125,-0.7518940005743082,3159,-0.752328673063372,0.0,2048,0.0004346724890638143
6492160,-0.4425607919692993,317,2.7196362459684655,2889.060302734375,-0.7239193411888897,3169,-0.7243619020092643,0.0,2048,0.00044256082037463784
6512640,-0.45043134689331055,318,2.7837891299580853,2894.24169921875,-0.7680658739828758,3179,-0.7685163053521209,0.0,2048,0.00045043136924505234
6533120,-0.45823216438293457,319,2.6847400189108868,2899.58740234375,-0.6652793364374412,3189,-0.6657375686227789,0.0,2048,0.0004582321853376925
6553600,-0.4659428596496582,320,2.708300295154923,2904.89306640625,-0.7239576884395678,3199,-0.724423631335539,0.0,2048,0.0004659428959712386
6574080,-0.47400927543640137,321,2.8297295844175627,2910.266357421875,-0.7561761124780533,3209,-0.7566501217625701,0.0,2048,0.00047400928451679647
6594560,-0.4822514057159424,322,2.90639854467495,2915.478759765625,-0.8242880220659616,3219,-0.8247702734970561,0.0,2048,0.00048225143109448254
6615040,-0.49079036712646484,323,2.8586864327430557,2920.7685546875,-0.7711464960248481,3229,-0.7716372864324871,0.0,2048,0.0004907904076389968
6635520,-0.4995185136795044,324,2.9249675969132136,2926.010498046875,-0.8202873566530586,3239,-0.8207868751830363,0.0,2048,0.0004995185299776495
6656000,-0.5080469846725464,325,2.9251307626240504,2931.372314453125,-0.7989336753004106,3249,-0.79944172230045,0.0,2048,0.0005080470000393689
6676480,-0.516660213470459,326,2.9406125087823938,2936.69091796875,-0.7947360754326984,3259,-0.7952527356531538,0.0,2048,0.0005166602204553783
6696960,-0.5253893136978149,327,2.9493246622672356,2941.91552734375,-0.7969220830364817,3269,-0.797447472368806,0.0,2048,0.0005253893323242664
6717440,-0.5341329574584961,328,2.993092841402536,2947.43359375,-0.8160893696383072,3279,-0.8166235026344156,0.0,2048,0.0005341329961083829
6737920,-0.5428941249847412,329,3.1016188069475574,2953.035888671875,-0.904290239697522,3289,-0.9048331338197128,0.0,2048,0.0005428941221907735
6758400,-0.5517110824584961,330,3.0546093230031515,2958.440185546875,-0.881715232970311,3299,-0.8822669440979386,0.0,2048,0.000551711127627641
6778880,-0.5602781772613525,331,3.0378244665721983,2963.997802734375,-0.8680791050667488,3309,-0.8686393832561173,0.0,2048,0.000560278189368546
6799360,-0.5689250230789185,332,3.1091137032553826,2969.410400390625,-0.8752243865188243,3319,-0.8757933115726368,0.0,2048,0.0005689250538125634
6819840,-0.5778782367706299,333,3.162430825052723,2974.86474609375,-0.9019349266206118,3329,-0.9025128048857878,0.0,2048,0.0005778782651759684
6840320,-0.5872225761413574,334,3.0740352256511274,2980.2802734375,-0.8496143617496541,3339,-0.8502015843816748,0.0,2048,0.0005872226320207119
6860800,-0.5965198278427124,335,3.2954252316818113,2985.723876953125,-0.9659775945937632,3349,-0.9665741144444233,0.0,2048,0.0005965198506601155
6881280,-0.6061376333236694,336,3.2158066908163416,2991.2451171875,-0.9008310691793013,3359,-0.9014372068563972,0.0,2048,0.0006061376770958304
6901760,-0.6160112619400024,337,3.2394869905992474,2996.555419921875,-0.894428512767689,3369,-0.8950445240356826,0.0,2048,0.0006160112679935992
6922240,-0.6249537467956543,338,3.254340091200344,3002.164306640625,-0.8847797651728709,3379,-0.8854047189420183,0.0,2048,0.0006249537691473961
6942720,-0.6335805654525757,339,3.339525542356248,3007.59033203125,-0.9350668283502748,3389,-0.9357004089604308,0.0,2048,0.0006335806101560593
6963200,-0.6426680088043213,340,3.42085162566274,3013.124755859375,-0.9646066249743465,3399,-0.965249293022732,0.0,2048,0.0006426680483855307
6983680,-0.652202844619751,341,3.450114891323434,3018.676025390625,-0.9896443394705854,3409,-0.9902965423412822,0.0,2048,0.0006522028706967831
7004160,-0.662097692489624,342,3.443900333634251,3024.324462890625,-0.9887542858979321,3419,-0.9894163836053229,0.0,2048,0.0006620977073907852
7024640,-0.6720962524414062,343,3.440103373764247,3029.809326171875,-0.963118860474003,3429,-0.9637909567441395,0.0,2048,0.0006720962701365352
7045120,-0.6822082996368408,344,3.301700638018022,3035.36181640625,-0.9265206620244996,3439,-0.9272028703623206,0.0,2048,0.0006822083378210664
7065600,-0.6914659738540649,345,3.293200392023791,3041.0087890625,-0.9052142295306828,3449,-0.9059056955641415,0.0,2048,0.0006914660334587097
7086080,-0.7003782987594604,346,3.4452283577986083,3046.8359375,-0.9800544623541396,3459,-0.9807548406789761,0.0,2048,0.0007003783248364925
7106560,-0.709822416305542,347,3.59211360226849,3052.59326171875,-1.025551649889445,3469,-1.026261472349057,0.0,2048,0.0007098224596120417
7127040,-0.7200503349304199,348,3.729279783504191,3058.294189453125,-1.0471874087665904,3479,-1.0479074591271322,0.0,2048,0.0007200503605417907
7147520,-0.7306416034698486,349,3.780526152928578,3063.999755859375,-1.0738018169148753,3489,-1.074532458566774,0.0,2048,0.0007306416518986225
7168000,-0.7414214611053467,350,3.8092976983460716,3069.350341796875,-1.0573272454388278,3499,-1.058068666916697,0.0,2048,0.000741421477869153
7188480,-0.7520793676376343,351,3.8740652799148734,3074.5830078125,-1.1270332781670513,3509,-1.127785357584049,0.0,2048,0.0007520794169977307
7208960,-0.76288902759552,352,3.5416072034106953,3080.076416015625,-0.970057131288864,3519,-0.9708200203341546,0.0,2048,0.0007628890452906489
7229440,-0.7725746631622314,353,3.8381837045742118,3085.6337890625,-1.0917771237695455,3529,-1.0925496984531968,0.0,2048,0.0007725746836513281
7249920,-0.7817566394805908,354,3.873296196262895,3091.354736328125,-1.1084278239789955,3539,-1.1092095806301177,0.0,2048,0.000781756651122123
7270400,-0.7911008596420288,355,3.912091082383305,3097.200927734375,-1.0948905691417057,3549,-1.0956816700432572,0.0,2048,0.0007911009015515447
7290880,-0.8007251024246216,356,3.9581911316454774,3103.03076171875,-1.12313596108332,3559,-1.12393668621415,0.0,2048,0.0008007251308299601
7311360,-0.810771107673645,357,3.764388617171171,3108.696044921875,-1.072422721467715,3569,-1.0732334926005342,0.0,2048,0.0008107711328193545
7331840,-0.8207170963287354,358,4.150931998452338,3114.575439453125,-1.182983979164763,3579,-1.1838046962988102,0.0,2048,0.0008207171340472996
7352320,-0.8311058282852173,359,4.181023737793035,3120.185791015625,-1.18068920511485,3589,-1.1815203109775942,0.0,2048,0.0008311058627441525
7372800,-0.8419885635375977,360,4.228947989659831,3125.619140625,-1.1895702287132266,3599,-1.1904122173130858,0.0,2048,0.0008419885998591781
7393280,-0.8533651828765869,361,4.264378857413495,3131.136474609375,-1.190686360047345,3609,-1.191539725276322,0.0,2048,0.0008533652289770544
7413760,-0.8645504713058472,362,4.279048230953442,3136.57470703125,-1.22752203355603,3619,-1.2283865840855435,0.0,2048,0.0008645505295135081
7434240,-0.8756842613220215,363,4.144865835211412,3142.34033203125,-1.1508427005010367,3629,-1.1517183848173067,0.0,2048,0.0008756843162700534
7454720,-0.8841578960418701,364,3.7881177534848853,3148.723876953125,-1.0178794186983477,3639,-1.018763576653063,0.0,2048,0.0008841579547151923
7475200,-0.8921036720275879,365,4.2982197399175535,3154.60302734375,-1.1559201324088395,3649,-1.156812236116723,0.0,2048,0.000892103707883507
7495680,-0.9014438390731812,366,4.464504191027763,3160.2958984375,-1.2708856154683574,3659,-1.271787059352134,0.0,2048,0.0009014438837766647
7516160,-0.9121577739715576,367,4.462169242144537,3165.786865234375,-1.23512863312853,3669,-1.236040790947205,0.0,2048,0.0009121578186750412
7536640,-0.9236346483230591,368,4.5913329570991825,3171.254638671875,-1.2920090884791904,3679,-1.2929327231605754,0.0,2048,0.0009236346813850105
7557120,-0.9344526529312134,369,4.458871904286697,3177.013671875,-1.2390997961542567,3689,-1.2400342488458378,0.0,2048,0.0009344526915811002
7577600,-0.944284200668335,370,4.627354782277799,3182.796875,-1.2955917174129212,3699,-1.296536001669469,0.0,2048,0.0009442842565476894
7598080,-0.9545822143554688,371,4.839567494719782,3188.760009765625,-1.3594325108087735,3709,-1.3603870930482747,0.0,2048,0.0009545822395011783
7618560,-0.9660061597824097,372,4.8409908513010285,3194.49072265625,-1.3404817931493018,3719,-1.3414477993407492,0.0,2048,0.0009660061914473772
7639040,-0.978169322013855,373,4.796290429199143,3199.95703125,-1.2777622719573072,3729,-1.2787404413379944,0.0,2048,0.0009781693806871772
7659520,-0.990294337272644,374,4.9214258154367645,3205.473388671875,-1.337625302689684,3739,-1.3386155970753855,0.0,2048,0.000990294385701418
7680000,-1.0027207136154175,375,4.97873313903332,3210.98388671875,-1.3318417911080611,3749,-1.332844511898045,0.0,2048,0.0010027207899838686
7700480,-1.0153944492340088,376,5.068023327310925,3216.543212890625,-1.3587042550067507,3759,-1.3597196494671606,0.0,2048,0.0010153944604098797
7720960,-1.027837872505188,377,5.0813312018924055,3222.041748046875,-1.350238689303914,3769,-1.3512665272816586,0.0,2048,0.001027837977744639
7741440,-1.039968490600586,378,5.200722998418746,3227.670654296875,-1.4246011179194582,3779,-1.4256410864901525,0.0,2048,0.0010399685706943274
7761920,-1.051082968711853,379,4.937881210235915,3233.525390625,-1.3145199121824611,3789,-1.315570995156761,0.0,2048,0.0010510829742997885
7782400,-1.0610512495040894,380,4.845663436133093,3239.481689453125,-1.3078071773381184,3799,-1.3088682286071802,0.0,2048,0.0010610512690618634
7802880,-1.07099187374115,381,5.30994062332641,3245.58251953125,-1.4120080072971133,3809,-1.413078999270506,0.0,2048,0.0010709919733926654
7823360,-1.0815911293029785,382,5.235354082413675,3251.441162109375,-1.393375666862152,3819,-1.3944572579849357,0.0,2048,0.0010815911227837205
7843840,-1.0927561521530151,383,4.850603827834938,3257.29150390625,-1.275360606348648,3829,-1.2764533625157022,0.0,2048,0.0010927561670541763
7864320,-1.1038151979446411,384,5.452333726672274,3262.96337890625,-1.4529057334610964,3839,-1.4540095487344782,0.0,2048,0.0011038152733817697
7884800,-1.115044116973877,385,5.49352686058144,3268.77685546875,-1.4512073266472925,3849,-1.452322370760541,0.0,2048,0.0011150441132485867
7905280,-1.1266213655471802,386,5.383521300646974,3274.325927734375,-1.3961865328702552,3859,-1.3973131542544288,0.0,2048,0.0011266213841736317
7925760,-1.1385650634765625,387,5.677677281599837,3279.67724609375,-1.5094131744137824,3869,-1.5105517395443142,0.0,2048,0.0011385651305317879
7946240,-1.1514723300933838,388,5.738641981570238,3285.031982421875,-1.4973480997876498,3879,-1.4984995721177432,0.0,2048,0.0011514723300933838
7966720,-1.1637091636657715,389,5.414173618547653,3290.410400390625,-1.3957595090550163,3889,-1.3969232182652482,0.0,2048,0.0011637092102319002
7987200,-1.1743450164794922,390,5.710728223652199,3296.03076171875,-1.4576952610246514,3899,-1.4588696060551007,0.0,2048,0.0011743450304493308
8007680,-1.185492992401123,391,5.919773548663853,3301.579345703125,-1.5565777649658585,3909,-1.5577632580439413,0.0,2048,0.0011854930780828
8028160,-1.197582483291626,392,6.223830973418341,3306.91796875,-1.623207505958911,3919,-1.624405088535335,0.0,2048,0.0011975825764238834
8048640,-1.2108720541000366,393,5.848664502587216,3312.382080078125,-1.4821159020467456,3929,-1.483326774130648,0.0,2048,0.001210872083902359
8069120,-1.2229197025299072,394,6.10648589088075,3317.6455078125,-1.5409496674052165,3939,-1.5421725871943595,0.0,2048,0.0012229197891429067
8089600,-1.2336152791976929,395,5.966865994863657,3323.147705078125,-1.5080946521312844,3949,-1.5093282674617048,0.0,2048,0.0012336153304204345
8110080,-1.2440836429595947,396,6.203020685532174,3329.04443359375,-1.5812195518079943,3959,-1.5824636355533994,0.0,2048,0.001244083745405078
8130560,-1.2537832260131836,397,5.566565526814802,3334.8056640625,-1.4579170584904366,3969,-1.4591708417276257,0.0,2048,0.0012537832371890545
8151040,-1.2637903690338135,398,6.312759926772136,3340.522216796875,-1.5679147532280955,3979,-1.569178543642764,0.0,2048,0.0012637904146686196
8171520,-1.2755827903747559,399,6.66543684933197,3346.182373046875,-1.6569632030444812,3989,-1.6582387858655896,0.0,2048,0.0012755828211084008
8192000,-1.2887020111083984,400,6.541420832994637,3351.760986328125,-1.606058420948771,3999,-1.6073471230781573,0.0,2048,0.0012887021293863654
8212480,-1.3014659881591797,401,6.5498072505533935,3357.156005859375,-1.6060949675848406,4009,-1.6073964336065274,0.0,2048,0.0013014660216867924
8232960,-1.3136272430419922,402,6.4570599211812105,3362.5126953125,-1.617336169397761,4019,-1.6186497967460425,0.0,2048,0.0013136273482814431
8253440,-1.3258979320526123,403,6.977968623793026,3367.83740234375,-1.7303690550221456,4029,-1.7316949530110088,0.0,2048,0.0013258979888632894
8273920,-1.338911771774292,404,6.462254507560165,3373.2119140625,-1.5411500889161998,4039,-1.5424890007410594,0.0,2048,0.0013389118248596787
8294400,-1.3508892059326172,405,6.964877357646229,3378.781005859375,-1.6654175824044233,4049,-1.6667684716196691,0.0,2048,0.001350889215245843
8314880,-1.3637306690216064,406,6.687266576290513,3383.97265625,-1.6063516767161885,4059,-1.6077154074727544,0.0,2048,0.0013637307565659285
8335360,-1.3750200271606445,407,7.051888889424261,3389.489990234375,-1.7101555677430098,4069,-1.71153058787541,0.0,2048,0.0013750201324000955
8355840,-1.386512041091919,408,7.201144220366295,3394.849853515625,-1.712655394309277,4079,-1.7140419063801713,0.0,2048,0.0013865120708942413
8376320,-1.3972070217132568,409,6.764854081982529,3400.268798828125,-1.638086597978326,4089,-1.639483805008421,0.0,2048,0.00139720703009516
8396800,-1.407109022140503,410,7.131929136395365,3405.8447265625,-1.7067865465414227,4099,-1.7081936556259618,0.0,2048,0.0014071090845391154
8417280,-1.4179410934448242,411,7.399340319044245,3411.384765625,-1.7376609833100327,4109,-1.7390789244910219,0.0,2048,0.0014179411809891462
8437760,-1.43001127243042,412,7.860533958471254,3417.132568359375,-1.8230150930916997,4119,-1.8244451044460865,0.0,2048,0.0014300113543868065
8458240,-1.444028377532959,413,7.841348856645337,3422.373779296875,-1.8298506204437872,4129,-1.831294648901414,0.0,2048,0.0014440284576267004
8478720,-1.458099603652954,414,7.3393329204804125,3427.4580078125,-1.673221157710719,4139,-1.6746792574047102,0.0,2048,0.0014580996939912438
8499200,-1.471221685409546,415,7.095816227485571,3432.71484375,-1.6660098454842154,4149,-1.6674810672804523,0.0,2048,0.0014712217962369323
8519680,-1.4834458827972412,416,8.195974240956758,3437.992919921875,-1.884997833767059,4159,-1.8864812797541644,0.0,2048,0.0014834459871053696
8540160,-1.496013879776001,417,7.754747080327045,3443.340576171875,-1.7786911191998556,4169,-1.7801871331522747,0.0,2048,0.0014960139524191618
8560640,-1.5076689720153809,418,7.998208801676542,3448.699462890625,-1.8212810851435433,4179,-1.8227887541323224,0.0,2048,0.0015076689887791872
8581120,-1.5195913314819336,419,7.632815247907366,3454.1044921875,-1.7905384316732638,4189,-1.7920580231043972,0.0,2048,0.001519591431133449
8601600,-1.5301814079284668,420,8.282130052804288,3459.79931640625,-1.8339130122831753,4199,-1.8354431937833047,0.0,2048,0.0015301815001294017
8622080,-1.5419440269470215,421,8.580918579742901,3465.205078125,-1.9200481773986462,4209,-1.921590121502893,0.0,2048,0.0015419441042467952
8642560,-1.554931640625,422,7.2466143377929555,3470.44091796875,-1.6721461907738355,4219,-1.6737011225206313,0.0,2048,0.0015549317467957735
8663040,-1.5650303363800049,423,7.478224267784317,3475.648193359375,-1.664550883505202,4229,-1.6661159139319204,0.0,2048,0.0015650304267182946
8683520,-1.5723485946655273,424,8.120794592921314,3481.111572265625,-1.7386393763514578,4239,-1.7402117249945521,0.0,2048,0.0015723486430943012
8704000,-1.5797274112701416,425,8.411381211458217,3486.5078125,-1.8370086630116258,4249,-1.8385883905234788,0.0,2048,0.0015797275118529797
8724480,-1.5895462036132812,426,8.792399924942977,3491.945068359375,-1.9105706639128677,4259,-1.9121602102422095,0.0,2048,0.0015895463293418288
8744960,-1.6015422344207764,427,8.44558082950237,3497.010009765625,-1.8517153721475383,4269,-1.8533169144937178,0.0,2048,0.0016015423461794853
8765440,-1.6140432357788086,428,8.57339573207287,3502.090576171875,-1.836282463824375,4279,-1.837896507080643,0.0,2048,0.0016140432562679052
8785920,-1.6270592212677002,429,8.742070453982993,3506.993408203125,-1.8602274081674208,4289,-1.8618544674715762,0.0,2048,0.0016270593041554093
8806400,-1.638942003250122,430,8.732479965542906,3512.156005859375,-1.8950396351180276,4299,-1.8966785771669126,0.0,2048,0.0016389420488849282
8826880,-1.6508500576019287,431,9.600457138018452,3517.260498046875,-2.027492507350968,4309,-2.0291433575231226,0.0,2048,0.0016508501721546054
8847360,-1.6644861698150635,432,9.765392603517192,3522.1767578125,-2.0543693103588136,4319,-2.05603379660686,0.0,2048,0.0016644862480461597
8867840,-1.677832841873169,433,9.691845205058383,3526.827392578125,-2.0250574489134614,4329,-2.026735281828909,0.0,2048,0.0016778329154476523
8888320,-1.6899516582489014,434,9.00718661036025,3531.704345703125,-1.899318801657421,4339,-1.9010087534078708,0.0,2048,0.0016899517504498363
8908800,-1.6993277072906494,435,9.479176900979782,3536.854248046875,-1.9942634536548574,4349,-1.9959627814953271,0.0,2048,0.0016993278404697776
8929280,-1.7109403610229492,436,10.128279811409772,3541.99560546875,-2.0361346428993703,4359,-2.0378455832846076,0.0,2048,0.0017109403852373362
8949760,-1.7242889404296875,437,10.471296436544264,3546.929443359375,-2.107071619950677,4369,-2.1087959089823762,0.0,2048,0.0017242890316992998
8970240,-1.7389004230499268,438,10.224662899546386,3551.5693359375,-2.060240915239465,4379,-2.0619798157910374,0.0,2048,0.001738900551572442
8990720,-1.7533676624298096,439,10.277939974188397,3556.436767578125,-2.0583126887889223,4389,-2.060066056505369,0.0,2048,0.001753367716446519
9011200,-1.7650420665740967,440,9.627553565598976,3561.536376953125,-1.9588268358936656,4399,-1.9605918780878309,0.0,2048,0.0017650421941652894
9031680,-1.766291856765747,441,8.133527827173003,3567.4609375,-1.6216122518404992,4409,-1.6233785437531443,0.0,2048,0.0017662919126451015
9052160,-1.7670986652374268,442,9.667456109124839,3573.1748046875,-1.887662334335643,4419,-1.8894294331228836,0.0,2048,0.001767098787240684
9072640,-1.772568702697754,443,10.621376328819494,3578.224853515625,-2.083066473450412,4429,-2.084839042244379,0.0,2048,0.0017725687939673662
9093120,-1.782153606414795,444,10.695946099331993,3583.00927734375,-2.0731837021434334,4439,-2.074965855876508,0.0,2048,0.001782153733074665
9113600,-1.794429063796997,445,11.280156512606158,3587.808349609375,-2.198157173575848,4449,-2.1999516027225328,0.0,2048,0.0017944291466847062
9134080,-1.8074977397918701,446,10.491221302733571,3592.470458984375,-2.0883593610994664,4459,-2.090166858913764,0.0,2048,0.001807497814297676
9154560,-1.8194224834442139,447,9.770827864436495,3597.40576171875,-1.979793259158991,4469,-1.9816126817439494,0.0,2048,0.0018194225849583745
9175040,-1.830549716949463,448,11.300871198898829,3602.400146484375,-2.205077165187831,4479,-2.2069077149820804,0.0,2048,0.0018305497942492366
9195520,-1.8424146175384521,449,10.357468657971157,3607.096923828125,-2.04838729920807,4489,-2.0502297139355043,0.0,2048,0.001842414727434516
9216000,-1.855804681777954,450,11.790917900715533,3611.73779296875,-2.205212663384371,4499,-2.207068468202122,0.0,2048,0.00185580481775105
9236480,-1.870072841644287,451,10.429868370214514,3616.185546875,-2.0656319944563997,4509,-2.0675020673688245,0.0,2048,0.0018700729124248028
9256960,-1.8813469409942627,452,10.610729430231034,3620.853271484375,-2.0758933543993106,4519,-2.0777747014371624,0.0,2048,0.0018813470378518105
9277440,-1.89267897605896,453,11.011365096910776,3625.597412109375,-2.0505061661045803,4529,-2.052398845126274,0.0,2048,0.0018926790216937661
9297920,-1.9044811725616455,454,11.982620581184452,3630.20263671875,-2.225421347948437,4539,-2.2273258291554576,0.0,2048,0.0019044812070205808
9318400,-1.9164328575134277,455,11.377568590543124,3634.869140625,-2.1624862602030452,4549,-2.164402693189081,0.0,2048,0.001916432986035943
9338880,-1.92820405960083,456,12.315792896361732,3639.444580078125,-2.259095500224083,4559,-2.26102370442897,0.0,2048,0.0019282042048871517
9359360,-1.9385452270507812,457,11.316325593037012,3644.31982421875,-2.0877728498944426,4569,-2.0897113951559523,0.0,2048,0.0019385452615097165
9379840,-1.9487433433532715,458,12.620023645363954,3648.8203125,-2.2585125746529897,4579,-2.260461318129522,0.0,2048,0.0019487434765323997
9400320,-1.9612746238708496,459,12.33896730028341,3653.165283203125,-2.2306441701866015,4589,-2.2326054449576214,0.0,2048,0.0019612747710198164
9420800,-1.9756793975830078,460,13.977733327696725,3657.403076171875,-2.3927124939397877,4599,-2.394688173477069,0.0,2048,0.001975679537281394
9441280,-1.9914827346801758,461,10.181839124974953,3661.53515625,-1.9492664395299253,4609,-1.9512579224471447,0.0,2048,0.0019914829172194004
9461760,-2.0013933181762695,462,13.233416146853788,3666.081298828125,-2.325071669513153,4619,-2.3270730628667193,0.0,2048,0.0020013933535665274
9482240,-2.0121798515319824,463,13.165530044720239,3670.80712890625,-2.260721251401331,4629,-2.262733431332957,0.0,2048,0.002012179931625724
9502720,-2.023571729660034,464,13.38694207490589,3675.638427734375,-2.3537143532530083,4639,-2.3557379251223667,0.0,2048,0.0020235718693584204
9523200,-2.0366623401641846,465,14.39914984055407,3679.88818359375,-2.43684935562692,4649,-2.438886018166387,0.0,2048,0.0020366625394672155
9543680,-2.04703950881958,466,10.332355273135637,3684.524658203125,-1.8920829345108001,4659,-1.8941299740792243,0.0,2048,0.002047039568424225
9564160,-2.0535483360290527,467,13.263187192639073,3689.70654296875,-2.304316661944706,4669,-2.3063702102937738,0.0,2048,0.0020535483490675688
9584640,-2.0639219284057617,468,13.57063963704382,3695.07861328125,-2.3123678843855178,4679,-2.3144318065039133,0.0,2048,0.002063922118395567
9605120,-2.074007272720337,469,10.65646106810036,3699.8212890625,-1.9282690818920067,4689,-1.9303430893025628,0.0,2048,0.002074007410556078
9625600,-2.0806989669799805,470,11.906655864144515,3705.049072265625,-2.1149884520038214,4699,-2.117069150967076,0.0,2048,0.00208069896325469
9646080,-2.0873615741729736,471,13.4946391553107,3710.051513671875,-2.2713182799899125,4709,-2.273405641634866,0.0,2048,0.0020873616449534893
9666560,-2.097014904022217,472,14.623727061951326,3714.3681640625,-2.341262516833634,4719,-2.343359531869904,0.0,2048,0.0020970150362700224
9687040,-2.1098806858062744,473,15.224944863948991,3718.595458984375,-2.4592818276415915,4729,-2.4613917084335686,0.0,2048,0.002109880791977048
9707520,-2.122546434402466,474,13.1421000921822,3723.040771484375,-2.25742869980139,4739,-2.2595512463475513,0.0,2048,0.0021225465461611748
9728000,-2.1341159343719482,475,13.531016661720184,3727.59375,-2.288777137634519,4749,-2.290911253768194,0.0,2048,0.002134116133674979
9748480,-2.1454885005950928,476,14.049929595422565,3731.8515625,-2.322098548205302,4759,-2.3242440367189356,0.0,2048,0.002145488513633609
9768960,-2.157304286956787,477,14.328627167336276,3736.1298828125,-2.3520141811067496,4769,-2.354171485542718,0.0,2048,0.002157304435968399
9789440,-2.1697609424591064,478,16.27661419855042,3740.195068359375,-2.517328309789504,4779,-2.5194980708977384,0.0,2048,0.0021697611082345247
9809920,-2.183971405029297,479,15.71771132361909,3744.0791015625,-2.47996109738778,4789,-2.4821450688486886,0.0,2048,0.0021839714609086514
9830400,-2.199615716934204,480,15.999293209823765,3748.049560546875,-2.519173991649091,4799,-2.521373607466608,0.0,2048,0.002199615817517042
9850880,-2.2133026123046875,481,14.176577754334625,3752.340576171875,-2.279626996069457,4809,-2.2818402988363613,0.0,2048,0.002213302766904235
9871360,-2.2229316234588623,482,15.747557533522727,3756.7353515625,-2.433083805215817,4819,-2.43530673692682,0.0,2048,0.0022229317110031843
9891840,-2.228053092956543,483,14.909245836583745,3761.517578125,-2.3830226447928706,4829,-2.3852506980795423,0.0,2048,0.0022280532866716385
9912320,-2.2317144870758057,484,15.734997033673025,3766.189208984375,-2.4184637340992143,4839,-2.4206954486477574,0.0,2048,0.0022317145485430956
9932800,-2.238053321838379,485,15.54586326879091,3770.91455078125,-2.387099790952116,4849,-2.3893378443149325,0.0,2048,0.002238053362816572
9953280,-2.2470812797546387,486,17.37999631447677,3781.006103515625,-2.6296497468198146,4859,-2.631896828190839,0.0,2048,0.002247081371024251
9973760,-2.2598907947540283,487,17.146613058807006,3789.7099609375,-2.5942893932391504,4869,-2.5965492842536966,0.0,2048,0.002259891014546156
9994240,-2.274566411972046,488,17.81842190269071,3795.578857421875,-2.63595898259302,4879,-2.638233549155866,0.0,2048,0.002274566562846303
10014720,-2.290083169937134,489,16.88896767366827,3799.859619140625,-2.5070379824948112,4889,-2.509328065823073,0.0,2048,0.0022900833282619715
10035200,-2.2997264862060547,490,17.37530711336465,3804.376708984375,-2.522676981817414,4899,-2.524976708525275,0.0,2048,0.0022997267078608274
10055680,-2.306518077850342,491,16.78188549593719,3808.716796875,-2.4644911513999412,4909,-2.466797669544847,0.0,2048,0.002306518144905567
10076160,-2.3145861625671387,492,16.663507726066154,3812.880126953125,-2.4803180034697507,4919,-2.48263258966212,0.0,2048,0.002314586192369461
10096640,-2.32253360748291,493,14.356695438284763,3816.939208984375,-2.2508874570149757,4929,-2.2532099906485357,0.0,2048,0.0023225336335599422
10117120,-2.330996036529541,494,14.801555859050367,3820.770263671875,-2.331442653030315,4939,-2.3337736491264494,0.0,2048,0.002330996096134186
10137600,-2.339735507965088,495,16.90361425078136,3824.870849609375,-2.510009360423023,4949,-2.5123490960501975,0.0,2048,0.0023397356271743774
10158080,-2.3477115631103516,496,17.18803459381352,3828.913818359375,-2.3968983394985393,4959,-2.3992460512050733,0.0,2048,0.002347711706534028
10178560,-2.358295202255249,497,18.124826831377018,3833.046630859375,-2.5722969399012703,4969,-2.5746552351575422,0.0,2048,0.0023582952562719584
10199040,-2.3705852031707764,498,18.761654350862997,3837.223388671875,-2.6559738954824175,4979,-2.6583444807042147,0.0,2048,0.002370585221797228
10219520,-2.382708787918091,499,18.121773555580575,3841.41064453125,-2.556654263778872,4989,-2.559036972725115,0.0,2048,0.0023827089462429285
10240000,-2.395714282989502,500,18.768552730664844,3845.388427734375,-2.6203651174795057,4999,-2.622760831879842,0.0,2048,0.0023957144003361464
10260480,-2.4075403213500977,501,19.414234205464645,3849.479248046875,-2.694306845585987,5009,-2.6967143859203757,0.0,2048,0.0024075403343886137
10280960,-2.4172310829162598,502,18.97631406888759,3853.6142578125,-2.5860794121796236,5019,-2.5884966433910623,0.0,2048,0.002417231211438775
10301440,-2.4218924045562744,503,14.435299824897143,3858.10205078125,-2.184101754402662,5029,-2.186523646883587,0.0,2048,0.0024218924809247255
10321920,-2.425917625427246,504,18.35055856768402,3862.3994140625,-2.620547316624064,5039,-2.6229732342811563,0.0,2048,0.0024259176570922136
10342400,-2.434490442276001,505,20.559775854063133,3866.409912109375,-2.7583130472830453,5049,-2.760747537764437,0.0,2048,0.002434490481391549
10362880,-2.447920083999634,506,21.51925811602071,3870.157958984375,-2.80644641988577,5059,-2.8088943400386874,0.0,2048,0.0024479201529175043
10383360,-2.4638724327087402,507,20.452758899288717,3873.728271484375,-2.7041265712902813,5069,-2.706590443834749,0.0,2048,0.002463872544467449
10403840,-2.4800355434417725,508,19.45519701023444,3877.677001953125,-2.683323803069117,5079,-2.685803838716867,0.0,2048,0.002480035647749901
10424320,-2.4933648109436035,509,15.835566774470678,3881.43505859375,-2.278862010890758,5089,-2.2813553758600262,0.0,2048,0.002493364969268441
10444800,-2.5022237300872803,510,19.60419692196963,3885.32666015625,-2.6487615049640754,5099,-2.651263728906504,0.0,2048,0.0025022239424288273
10465280,-2.5118138790130615,511,22.233923761002984,3889.07421875,-2.8281432349162223,5109,-2.8306550489200326,0.0,2048,0.0025118140038102865
10485760,-2.5249991416931152,512,19.962386117986163,3892.80908203125,-2.6411262878969213,5119,-2.6436512871000817,0.0,2048,0.002524999203160405
10506240,-2.5293447971343994,513,15.782376239516474,3897.31982421875,-2.149735138022319,5129,-2.1522644830094433,0.0,2048,0.0025293449871242046
10526720,-2.525904417037964,514,19.754128360167307,3902.351806640625,-2.606762466175696,5139,-2.609288370624399,0.0,2048,0.0025259044487029314
10547200,-2.526926040649414,515,21.962549330922027,3906.91748046875,-2.778135450809196,5149,-2.7806623769187633,0.0,2048,0.0025269261095672846
10567680,-2.534886598587036,516,22.37223048461623,3910.784423828125,-2.8312018269236643,5159,-2.8337367137457687,0.0,2048,0.002534886822104454
10588160,-2.5473577976226807,517,22.890896096832297,3914.343017578125,-2.816300166000681,5169,-2.8188475239305513,0.0,2048,0.0025473579298704863
10608640,-2.561945676803589,518,20.154589958648756,3917.79296875,-2.6673426228544663,5179,-2.6699045685554843,0.0,2048,0.002561945701017976
10629120,-2.5728423595428467,519,18.56180467695652,3921.53759765625,-2.512251011426616,5189,-2.5148238538345877,0.0,2048,0.0025728424079716206
10649600,-2.5824496746063232,520,24.08216498014918,3925.632568359375,-2.924864797361847,5199,-2.927447247060668,0.0,2048,0.00258244969882071
10670080,-2.5943901538848877,521,24.219822545736008,3929.3583984375,-2.913400172936261,5209,-2.915994563121811,0.0,2048,0.0025943901855498552
10690560,-2.609893560409546,522,25.407335802504235,3932.8701171875,-2.96732080461396,5219,-2.9699306982935787,0.0,2048,0.0026098936796188354
10711040,-2.6275103092193604,523,26.64390634867575,3936.2099609375,-3.006544852362961,5229,-3.0091723627075706,0.0,2048,0.002627510344609618
10731520,-2.6402971744537354,524,22.58422457338079,3939.7548828125,-2.8071060398124112,5239,-2.8097463372159703,0.0,2048,0.0026402974035590887
10752000,-2.6464157104492188,525,22.65940884626127,3943.724609375,-2.7694714681513073,5249,-2.7721178838785203,0.0,2048,0.002646415727213025
10772480,-2.648411750793457,526,24.888250974961736,3947.962646484375,-2.939402777322416,5259,-2.942051189106737,0.0,2048,0.0026484117843210697
10792960,-2.654283285140991,527,23.02654120343935,3952.089599609375,-2.8460520193265935,5269,-2.848706302634086,0.0,2048,0.002654283307492733
10813440,-2.661252975463867,528,23.13657584348035,3956.057373046875,-2.8009500593896934,5279,-2.803611312482504,0.0,2048,0.0026612530928105116
10833920,-2.6687638759613037,529,23.516841599684334,3959.68505859375,-2.796206346713061,5289,-2.7988751106896053,0.0,2048,0.0026687639765441418
10854400,-2.6770267486572266,530,24.293929929775437,3963.287109375,-2.8936283694945204,5299,-2.896305396397777,0.0,2048,0.002677026903256774
10874880,-2.6836724281311035,531,24.003394611532713,3966.97802734375,-2.805832722008072,5309,-2.8085163945963907,0.0,2048,0.0026836725883185863
10895360,-2.6915533542633057,532,25.422730499976744,3970.74267578125,-2.9379240794767547,5319,-2.9406156329166997,0.0,2048,0.0026915534399449825
10915840,-2.6990931034088135,533,26.54054058799847,3974.609375,-2.992019271115555,5329,-2.9947183643102333,0.0,2048,0.002699093194678426
10936320,-2.7065587043762207,534,26.283115898326756,3978.459716796875,-2.9835499553608438,5339,-2.986256514270111,0.0,2048,0.002706558909267187
10956800,-2.7146713733673096,535,24.06931471519963,3982.265380859375,-2.8293414831626174,5349,-2.8320561545900014,0.0,2048,0.002714671427384019
10977280,-2.7227494716644287,536,25.920896817842483,3985.716552734375,-2.972028430383507,5359,-2.9747511798700725,0.0,2048,0.00272274948656559
10997760,-2.733621835708618,537,25.103860230868754,3989.091796875,-2.925287749560495,5369,-2.9280213715396273,0.0,2048,0.0027336219791322947
11018240,-2.7422242164611816,538,20.31306739567362,3992.745849609375,-2.483826001334053,5379,-2.4865682257069763,0.0,2048,0.002742224372923374
11038720,-2.744776725769043,539,24.539657422407092,3996.37353515625,-2.817498248943755,5389,-2.8202430258390248,0.0,2048,0.0027447768952697515
11059200,-2.7515199184417725,540,27.180957304693166,3999.835205078125,-2.983230197876049,5399,-2.9859817180124204,0.0,2048,0.002751520136371255
11079680,-2.7591800689697266,541,24.531137854344465,4002.93505859375,-2.8081745527489312,5409,-2.8109337330134787,0.0,2048,0.0027591802645474672
11100160,-2.7684192657470703,542,29.53497307185197,4006.31884765625,-3.084969175645139,5419,-3.087737595095288,0.0,2048,0.00276841945014894
11120640,-2.781229019165039,543,25.31419101340732,4009.62841796875,-2.920139684711798,5429,-2.922920913805469,0.0,2048,0.002781229093670845
11141120,-2.788872718811035,544,24.829087282725787,4013.30078125,-2.811206898321509,5439,-2.813995771245211,0.0,2048,0.0027888729237020016
11161600,-2.7946457862854004,545,24.98469321888331,4016.964599609375,-2.8177515907127026,5449,-2.820546236672214,0.0,2048,0.0027946459595113993
11182080,-2.800516128540039,546,23.336943833869675,4020.441650390625,-2.776284093371996,5459,-2.7790846096905257,0.0,2048,0.0028005163185298443
11202560,-2.8065414428710938,547,28.04136084454333,4024.026123046875,-3.0149399455545507,5469,-3.017746487064477,0.0,2048,0.002806541509926319
11223040,-2.8183586597442627,548,24.582896772861176,4027.2421875,-2.872508107977085,5479,-2.87532646680633,0.0,2048,0.0028183588292449713
11243520,-2.8302645683288574,549,30.838195720523522,4030.706298828125,-3.135767295947988,5489,-3.138597560572196,0.0,2048,0.002830264624208212
11264000,-2.842883586883545,550,24.58524984815989,4034.164794921875,-2.7744736456473387,5499,-2.7773165294596023,0.0,2048,0.002842883812263608
11284480,-2.8473219871520996,551,25.94153161768338,4037.92919921875,-2.780753387537494,5509,-2.783600709567487,0.0,2048,0.002847322029992938
11304960,-2.853602409362793,552,29.853070628869794,4042.83740234375,-3.1127424573314135,5519,-3.115596059968019,0.0,2048,0.002853602636605501
11325440,-2.8665788173675537,553,30.62994282909756,4051.23828125,-3.1548119526159573,5529,-3.1576785316028255,0.0,2048,0.0028665789868682623
11345920,-2.88254451751709,554,30.558017341038656,4057.178466796875,-3.071695732795073,5539,-3.074578277444838,0.0,2048,0.0028825446497648954
11366400,-2.8912410736083984,555,25.308288391273273,4061.66455078125,-2.7205691499314235,5549,-2.7234603910385595,0.0,2048,0.002891241107136011
11386880,-2.892630100250244,556,25.22629403912945,4065.821533203125,-2.6603182435115755,5559,-2.6632108736863316,0.0,2048,0.00289263017475605
11407360,-2.8906331062316895,557,26.735196732835657,4069.57470703125,-2.812414737016576,5569,-2.8153053702029016,0.0,2048,0.002890633186325431
11427840,-2.8857386112213135,558,23.999885070885927,4072.93408203125,-2.689121556635164,5579,-2.692007295488529,0.0,2048,0.002885738853365183
11448320,-2.885432243347168,559,31.985147023842085,4076.578369140625,-3.1549024211554553,5589,-3.1577878536036934,0.0,2048,0.0028854324482381344
11468800,-2.896106243133545,560,33.7422006830599,4080.108642578125,-3.306592855536547,5599,-3.309488961872813,0.0,2048,0.0028961063362658024
11489280,-2.913990020751953,561,36.518539367474204,4083.0654296875,-3.3811201889302698,5609,-3.3840341789882746,0.0,2048,0.002913990058004856
11509760,-2.934605360031128,562,27.7706798729538,4086.056396484375,-2.9584717679752597,5619,-2.9614063735569456,0.0,2048,0.0029346055816859007
11530240,-2.9496817588806152,563,31.013498924351627,4089.03125,-3.0988515925746483,5629,-3.101801274406172,0.0,2048,0.002949681831523776
11550720,-2.9633283615112305,564,32.846848718248786,4091.82275390625,-3.1751850823445054,5639,-3.178148410845715,0.0,2048,0.0029633285012096167
11571200,-2.9777393341064453,565,33.56770558061102,4094.79150390625,-3.2322328689205495,5649,-3.235210608474448,0.0,2048,0.002977739553898573
11591680,-2.983811616897583,566,17.507913252131143,4098.23828125,-2.0069421943344907,5659,-2.009926006111576,0.0,2048,0.002983811777085066
11612160,-2.972625255584717,567,23.21088257873801,4102.9921875,-2.5084301780829006,5669,-2.5114028035117113,0.0,2048,0.0029726254288107157
11632640,-2.9550909996032715,568,27.926611182259762,4107.6337890625,-2.8636431545940053,5679,-2.866598245779873,0.0,2048,0.0029550911858677864
11653120,-2.9396297931671143,569,29.641602502230498,4111.552734375,-2.9844717497857705,5689,-2.9874113796199158,0.0,2048,0.0029396298341453075
11673600,-2.9342434406280518,570,29.757232758704276,4115.4267578125,-3.0029857673346525,5699,-3.0059200108646875,0.0,2048,0.002934243530035019
11694080,-2.939649820327759,571,34.72633032971922,4118.4189453125,-3.3083860777284926,5709,-3.3113257275860732,0.0,2048,0.0029396498575806618
11714560,-2.954571008682251,572,37.21573736021993,4121.26025390625,-3.3677192694550264,5719,-3.3706738404972363,0.0,2048,0.0029545710422098637
11735040,-2.973914384841919,573,37.38693557924232,4123.9619140625,-3.3522725945625638,5729,-3.3552465091746484,0.0,2048,0.002973914612084627
11755520,-2.993079662322998,574,34.09301651532429,4126.5849609375,-3.278035698611263,5739,-3.2810287784449494,0.0,2048,0.0029930798336863518
11776000,-3.011474847793579,575,33.67757988779605,4129.173828125,-3.2520159921898064,5749,-3.255027467274156,0.0,2048,0.003011475084349513
11796480,-3.027143716812134,576,35.38437231368418,4131.91357421875,-3.292373679146796,5759,-3.2954008230349716,0.0,2048,0.0030271438881754875
11816960,-3.0393383502960205,577,36.931004321453884,4134.8544921875,-3.3057171094154487,5769,-3.3087564478085856,0.0,2048,0.003039338393136859
11837440,-3.046663284301758,578,33.58251770390727,4137.96044921875,-3.2148350053256625,5779,-3.2178816688036793,0.0,2048,0.0030466634780168533
11857920,-3.0527541637420654,579,37.2207364606471,4140.9775390625,-3.3475782888500643,5789,-3.350631043177719,0.0,2048,0.0030527543276548386
11878400,-3.065338611602783,580,38.21149782873002,4143.9990234375,-3.3694775864500226,5799,-3.372542925273967,0.0,2048,0.00306533882394433
11898880,-3.0816030502319336,581,29.902238472805493,4147.0439453125,-3.023543379305945,5809,-3.0266249825145017,0.0,2048,0.0030816032085567713
11919360,-3.092522621154785,582,41.544771973766416,4150.14697265625,-3.4769600709160913,5819,-3.4800525936490048,0.0,2048,0.003092522732913494
11939840,-3.1019349098205566,583,39.87945003421645,4153.18798828125,-3.328381468103683,5829,-3.331483403248197,0.0,2048,0.0031019351445138454
11960320,-3.113844156265259,584,37.419203984950876,4156.1337890625,-3.2719234177018133,5839,-3.2750372619009194,0.0,2048,0.0031138441991060972
11980800,-3.125298500061035,585,37.601460964283476,4159.43505859375,-3.245774271376979,5849,-3.2488995699124303,0.0,2048,0.003125298535451293
12001280,-3.1221835613250732,586,29.57835508260485,4162.88623046875,-2.8994600440625637,5859,-2.9025822277896642,0.0,2048,0.0031221837271004915
12021760,-3.1142406463623047,587,38.94564611566774,4166.7177734375,-3.3752957854257657,5869,-3.378410026135458,0.0,2048,0.0031142407096922398
12042240,-3.1120407581329346,588,29.114714488662273,4169.8583984375,-2.8259432342245288,5879,-2.8290552751502998,0.0,2048,0.003112040925770998
12062720,-3.114814519882202,589,39.40191043296673,4172.84912109375,-3.3984498976162163,5889,-3.401564712253445,0.0,2048,0.0031148146372288465
12083200,-3.1272599697113037,590,40.977139375407404,4175.72412109375,-3.3968554787297434,5899,-3.3999827388633674,0.0,2048,0.003127260133624077
12103680,-3.144413948059082,591,43.6603564087338,4178.3515625,-3.5303786987192955,5909,-3.5335231128834215,0.0,2048,0.0031444141641259193
12124160,-3.159940242767334,592,44.609287704404075,4180.91650390625,-3.5232843482218343,5919,-3.5264442886974323,0.0,2048,0.0031599404755979776
12144640,-3.1755683422088623,593,43.5625835455885,4183.64697265625,-3.4609087022472327,5929,-3.464084270781294,0.0,2048,0.0031755685340613127
12165120,-3.1918628215789795,594,41.59625670202134,4186.2900390625,-3.439282663807903,5939,-3.4424745267617296,0.0,2048,0.003191862953826785
12185600,-3.1969807147979736,595,30.271888031107093,4189.46484375,-2.8989400113070003,5949,-2.9021369921112052,0.0,2048,0.003196980804204941
12206080,-3.194626569747925,596,35.169551780335695,4193.23193359375,-3.0969974355095737,5959,-3.1001920621631407,0.0,2048,0.0031946266535669565
12226560,-3.1978230476379395,597,41.10716242614131,4196.34912109375,-3.403029306434493,5969,-3.4062271296199667,0.0,2048,0.0031978231854736805
12247040,-3.2058141231536865,598,44.49275694320099,4199.25341796875,-3.509524577378516,5979,-3.5127303915445105,0.0,2048,0.003205814165994525
12267520,-3.2176268100738525,599,40.94536919349797,4201.95263671875,-3.4044841756862985,5989,-3.4077018027478294,0.0,2048,0.0032176270615309477
12288000,-3.2309823036193848,600,42.253443628289716,4204.5810546875,-3.4444972330790473,5999,-3.447728215539129,0.0,2048,0.0032309824600815773
